project_or_paper	scope	kind	source_path	mtime_local	bytes	sha256	package_path	materialized_from
07_专项训练与待学论文包/02_ra28_MindBridge	九月产出_0917学习包已纳入	学习包与本人作答	/mnt/d/MyResearch/MAS_Safety_Project/learning/training/ra28-mindbridge/EX-03/symptom-3.md	2026-09-18 21:30:37.995686900 -0700	2165	2c262e5d926aafc3977a2a57c2e9c11da18bef27c9cc2b3c0c6f9f97afaff7bc	07_专项训练与待学论文包/02_ra28_MindBridge/学习与课程/training/ra28-mindbridge/EX-03/symptom-3.md	current_source
07_专项训练与待学论文包/02_ra28_MindBridge	九月产出_0917学习包已纳入	学习包与本人作答	/mnt/d/MyResearch/MAS_Safety_Project/learning/training/ra28-mindbridge/EX-03/symptom-2.md	2026-09-18 21:30:37.956342600 -0700	3432	f7a1b60a68e0c2513b1db672c452568a02c9b8d9f45ca335cfa7447d542d739b	07_专项训练与待学论文包/02_ra28_MindBridge/学习与课程/training/ra28-mindbridge/EX-03/symptom-2.md	current_source
07_专项训练与待学论文包/02_ra28_MindBridge	九月产出_0917学习包已纳入	学习包与本人作答	/mnt/d/MyResearch/MAS_Safety_Project/learning/training/ra28-mindbridge/EX-03/symptom-1.md	2026-09-18 21:30:37.903292200 -0700	1898	9c6e9dc60a48dab0948322e560af91fa14b3a45af3b946eaa21d20dc5d54aff6	07_专项训练与待学论文包/02_ra28_MindBridge/学习与课程/training/ra28-mindbridge/EX-03/symptom-1.md	current_source
07_专项训练与待学论文包/02_ra28_MindBridge	九月产出_0917学习包已纳入	学习包与本人作答	/mnt/d/MyResearch/MAS_Safety_Project/learning/training/ra28-mindbridge/OPERATIONS.md	2026-09-18 21:30:37.869269500 -0700	9753	507a7015ec872ddc35708014a11e058737287c4377a387392f749b52fac491f1	07_专项训练与待学论文包/02_ra28_MindBridge/学习与课程/training/ra28-mindbridge/OPERATIONS.md	current_source
07_专项训练与待学论文包/02_ra28_MindBridge	九月产出_0917学习包已纳入	学习包与本人作答	/mnt/d/MyResearch/MAS_Safety_Project/learning/training/ra28-mindbridge/KICKOFF.md	2026-09-18 21:30:37.830664600 -0700	2999	400bd2f55bce2f18de1712d95f485bc87745e6254a9c9a2ce129503169071035	07_专项训练与待学论文包/02_ra28_MindBridge/学习与课程/training/ra28-mindbridge/KICKOFF.md	current_source
07_专项训练与待学论文包/02_ra28_MindBridge	九月产出_0917学习包已纳入	学习包与本人作答	/mnt/d/MyResearch/MAS_Safety_Project/learning/training/ra28-mindbridge/BRIEF.md	2026-09-18 21:30:37.775768300 -0700	10554	cfc63411d464d161764ac68e6f622002e8c767496518d56ea2d93d067667b20b	07_专项训练与待学论文包/02_ra28_MindBridge/学习与课程/training/ra28-mindbridge/BRIEF.md	current_source
02_四论文Ownership主线/01_EdgeIM	九月新增或相关产出	学习包与本人作答	/mnt/d/MyResearch/MAS_Safety_Project/learning/training/lu-edgeim-algo1/EX-06/something4science-dashtop.md	2026-09-18 20:01:32.584489900 -0700	33434	2ef96da382f59157f2948b8ad89e7a78b2f46ab6a70784e5c88c11d5122bac12	02_四论文Ownership主线/01_EdgeIM/学习与课程/EX-06/something4science-dashtop.md	current_source
01_进组总计划_OE1_材料交付/99_其他相关计划与状态	九月新增或相关产出	其他相关产出	/mnt/d/MyResearch/MAS_Safety_Project/progress/PROJECTS.md	2026-09-18 19:35:48.209798500 -0700	21282	16bc5e80771af0166a349167937d91cd5104457818b623062c89ff42fbb88bb3	01_进组总计划_OE1_材料交付/99_其他相关计划与状态/其他/progress/PROJECTS.md	current_source
01_进组总计划_OE1_材料交付/99_其他相关计划与状态	九月新增或相关产出	其他相关产出	/mnt/d/MyResearch/MAS_Safety_Project/progress/DAILY.md	2026-09-18 19:35:46.317021000 -0700	1738	d3c269c6bd79d51f289be0499aeb6908f8d0286bf1ec9eae1ef08987e1c4383f	01_进组总计划_OE1_材料交付/99_其他相关计划与状态/其他/progress/DAILY.md	current_source
01_进组总计划_OE1_材料交付/99_其他相关计划与状态	九月新增或相关产出	其他相关产出	/mnt/d/MyResearch/MAS_Safety_Project/progress/WEEK.md	2026-09-18 19:35:46.297174700 -0700	6282	9ddfc19d00a87e1217053d9e8e8134cbaec426cf3e76727aa3eda6980b6632e0	01_进组总计划_OE1_材料交付/99_其他相关计划与状态/其他/progress/WEEK.md	current_source
01_进组总计划_OE1_材料交付/99_其他相关计划与状态	九月新增或相关产出	其他相关产出	/mnt/d/MyResearch/MAS_Safety_Project/progress/NOW.md	2026-09-18 19:35:46.280306600 -0700	9792	7adf51cf790cb71f6cb05676d129af666275bc9116d9501b23b0e0b404e1a239	01_进组总计划_OE1_材料交付/99_其他相关计划与状态/其他/progress/NOW.md	current_source
01_进组总计划_OE1_材料交付/99_其他相关计划与状态	九月新增或相关产出	其他相关产出	/mnt/d/MyResearch/MAS_Safety_Project/progress/STATUS.md	2026-09-18 19:35:46.268097500 -0700	2662	42ce5b17eb12359a186472c5361d2c4b7382fc46c020a30c836edc6000763bfa	01_进组总计划_OE1_材料交付/99_其他相关计划与状态/其他/progress/STATUS.md	current_source
01_进组总计划_OE1_材料交付/99_其他相关计划与状态	九月新增或相关产出	其他相关产出	/mnt/d/MyResearch/MAS_Safety_Project/progress/PROJECT_HOME.md	2026-09-18 19:35:46.258027700 -0700	5144	19537a9b69f071a2fda2749c3403d29bedf9917e28429f0980a3f0849c0913d9	01_进组总计划_OE1_材料交付/99_其他相关计划与状态/其他/progress/PROJECT_HOME.md	current_source
05_科研台_学习台_工作台支撑	九月新增或相关产出	任务日志	/mnt/d/MyResearch/MAS_Safety_Project/progress/task_logs/2026/09/2026-09-18__research__two-desks-plugin-mechanism-deep-scan.md	2026-09-18 07:46:17.508209900 -0700	10409	51aca09f255c43a59a9e46b28071b3a5abadb2b264ca5dbb1797ac313a2705a8	05_科研台_学习台_工作台支撑/任务日志/2026/09/2026-09-18__research__two-desks-plugin-mechanism-deep-scan.md	current_source
01_进组总计划_OE1_材料交付/99_其他相关计划与状态	九月新增或相关产出	其他相关产出	/mnt/d/MyResearch/MAS_Safety_Project/progress/TODO.md	2026-09-18 07:45:21.145695100 -0700	108386	b065cecd8ca434974d733300965f67bb6010ed2236bfca98113791498b0320cc	01_进组总计划_OE1_材料交付/99_其他相关计划与状态/其他/progress/TODO.md	current_source
01_进组总计划_OE1_材料交付/99_其他相关计划与状态	九月新增或相关产出	任务日志	/mnt/d/MyResearch/MAS_Safety_Project/progress/task_logs/INDEX.md	2026-09-18 07:43:51.163054800 -0700	150687	a35479b654acc40f1606a5a047b11094ecc059e94ce3e78032ec76977e1d10fa	01_进组总计划_OE1_材料交付/99_其他相关计划与状态/任务日志/INDEX.md	current_source
05_科研台_学习台_工作台支撑	九月新增或相关产出	计划或决策	/mnt/d/MyResearch/MAS_Safety_Project/progress/decisions/two-desks-delta-20260914/REFERENCE_NOTES_20260915.md	2026-09-18 07:41:58.363642100 -0700	64278	c16ed85be78d68c714e3df3c5c915da78365eb37df0c23ad08ffb5f6a71789d9	05_科研台_学习台_工作台支撑/计划与决策/two-desks-delta-20260914/REFERENCE_NOTES_20260915.md	current_source
05_科研台_学习台_工作台支撑	九月新增或相关产出	任务日志	/mnt/d/MyResearch/MAS_Safety_Project/progress/task_logs/2026/09/2026-09-18__archive__workbench-research-desk-plugin-reference-batch.md	2026-09-18 06:35:35.348508400 -0700	8256	6f17743094cab4fb15c4a4d7841e894abddff4223164d14d5306df676b1580c7	05_科研台_学习台_工作台支撑/任务日志/2026/09/2026-09-18__archive__workbench-research-desk-plugin-reference-batch.md	current_source
02_四论文Ownership主线/01_EdgeIM	九月产出_0917学习包已纳入	学习包与本人作答	/mnt/d/MyResearch/MAS_Safety_Project/learning/training/lu-edgeim-algo1/EX-06/notes-ex06.md	2026-09-18 05:47:30.554970200 -0700	12285	4f63ad60e5a3172fb7d5f23a75f8f77386ae97f25f1ec5638df1e548fd268164	02_四论文Ownership主线/01_EdgeIM/学习与课程/EX-06/notes-ex06.md	current_source
01_进组总计划_OE1_材料交付	九月新增或相关产出	任务日志	/mnt/d/MyResearch/MAS_Safety_Project/progress/task_logs/2026/09/2026-09-17__archive__all-progress-and-group-entry-packages.md	2026-09-17 08:02:17.688809100 -0700	3465	f6809ed442344e74585a3941b150f053b3ed105428a9cf3998c4a9724e89489e	01_进组总计划_OE1_材料交付/任务日志/2026/09/2026-09-17__archive__all-progress-and-group-entry-packages.md	current_source
01_进组总计划_OE1_材料交付/99_其他相关计划与状态	九月新增或相关产出	交接与恢复	/mnt/d/MyResearch/MAS_Safety_Project/progress/handoff/INDEX.md	2026-09-17 08:01:31.048900100 -0700	54883	a8eeab387f15d6a83107113a7835f762c0a7517869efafc6068c58456fab9fe7	01_进组总计划_OE1_材料交付/99_其他相关计划与状态/交接与恢复/INDEX.md	current_source
01_进组总计划_OE1_材料交付	九月新增或相关产出	交接与恢复	/mnt/d/MyResearch/MAS_Safety_Project/progress/handoff/2026-09-17__all-progress-and-group-entry-packages__handoff.md	2026-09-17 08:00:33.477539000 -0700	15892	ecca148dcc48a20df20545694f57f9a22e6dce8f04290808f7b7f3e6ca91414f	01_进组总计划_OE1_材料交付/交接与恢复/2026-09-17__all-progress-and-group-entry-packages__handoff.md	current_source
01_进组总计划_OE1_材料交付	九月新增或相关产出	任务日志	/mnt/d/MyResearch/MAS_Safety_Project/progress/task_logs/2026/09/2026-09-17__learning__group-entry-package-import.md	2026-09-17 07:47:49.162697500 -0700	5389	29e02dcd4bee23e70207029f8a9a1ef29bf2fd0cee8e9b5306cd8cb428580e96	01_进组总计划_OE1_材料交付/任务日志/2026/09/2026-09-17__learning__group-entry-package-import.md	current_source
01_进组总计划_OE1_材料交付	九月新增或相关产出	其他相关产出	/mnt/d/workspace/Desks/vaults/Research-Garden/learning/group-entry/SOURCES.md	2026-09-17 07:45:40.794953500 -0700	8531	adaa0a4a220753cd201beb25df6fc1d8609ae5852eb3031d5327457b7948a0a4	01_进组总计划_OE1_材料交付/其他/ResearchGardenSnapshot/SOURCES.md	current_source
01_进组总计划_OE1_材料交付	九月新增或相关产出	其他相关产出	/mnt/d/workspace/Desks/vaults/Research-Garden/learning/group-entry/FILES.tsv	2026-09-17 07:45:40.786958100 -0700	74362	0e3c4b89f2c9cd1a3156a24d7671f45b195442a6e5d4c8d22aa07810399183bd	01_进组总计划_OE1_材料交付/其他/ResearchGardenSnapshot/FILES.tsv	current_source
01_进组总计划_OE1_材料交付	九月新增或相关产出	其他相关产出	/mnt/d/workspace/Desks/vaults/Research-Garden/learning/group-entry/LINK_CHECK.md	2026-09-17 07:44:07.895584200 -0700	15918	b28381429edc661841f0b6fafa4a79d49a20d837055f92566b9f6e6cc114c100	01_进组总计划_OE1_材料交付/其他/ResearchGardenSnapshot/LINK_CHECK.md	current_source
01_进组总计划_OE1_材料交付	九月新增或相关产出	其他相关产出	/mnt/d/workspace/Desks/vaults/Research-Garden/learning/group-entry/README.md	2026-09-17 07:41:29.163762000 -0700	6116	20efe5901127965e3e69bb3577131aae5169161a547e72be294438d3d8ece04a	01_进组总计划_OE1_材料交付/其他/ResearchGardenSnapshot/README.md	current_source
05_科研台_学习台_工作台支撑	九月新增或相关产出	任务日志	/mnt/d/MyResearch/MAS_Safety_Project/progress/task_logs/2026/09/2026-09-17__engineering__two-desks-base-trial.md	2026-09-17 06:57:19.859598200 -0700	7371	911951412e610ec27c4c3f0880380b87bc377e92c409fc78c8e9f376859b59d2	05_科研台_学习台_工作台支撑/任务日志/2026/09/2026-09-17__engineering__two-desks-base-trial.md	current_source
05_科研台_学习台_工作台支撑	九月新增或相关产出	计划或决策	/mnt/d/MyResearch/MAS_Safety_Project/progress/decisions/2026-09-17__research__two-desks-purpose-redefinition-proposal.md	2026-09-17 06:51:39.890539200 -0700	19720	550f34596ccf56b256aab01f99134ee2ea60fa3343cd3fd7b4952effd7ec9365	05_科研台_学习台_工作台支撑/计划与决策/2026-09-17__research__two-desks-purpose-redefinition-proposal.md	current_source
05_科研台_学习台_工作台支撑	九月新增或相关产出	任务日志	/mnt/d/MyResearch/MAS_Safety_Project/progress/task_logs/2026/09/2026-09-17__research__two-desks-panorama-and-reference-list-review.md	2026-09-17 06:10:48.308204500 -0700	8025	2101f5441aab0b64895bbc754eec524b053ceaf2a407fe47d6b0026c2127c376	05_科研台_学习台_工作台支撑/任务日志/2026/09/2026-09-17__research__two-desks-panorama-and-reference-list-review.md	current_source
05_科研台_学习台_工作台支撑	九月新增或相关产出	计划或决策	/mnt/d/MyResearch/MAS_Safety_Project/progress/decisions/two-desks-delta-20260914/README.md	2026-09-17 01:49:38.276723100 -0700	14592	9f7e8fcef2524a5238c6c357548bc891a867735a115909202ecf0b8865143b01	05_科研台_学习台_工作台支撑/计划与决策/two-desks-delta-20260914/README.md	current_source
05_科研台_学习台_工作台支撑	九月新增或相关产出	任务日志	/mnt/d/MyResearch/MAS_Safety_Project/progress/task_logs/2026/09/2026-09-17__archive__research-desk-workbench-global-handoff.md	2026-09-17 01:49:38.237435000 -0700	1933	020f3cabf98f170bfbdd27fe98e4179cb31a006cc378efead286744841351275	05_科研台_学习台_工作台支撑/任务日志/2026/09/2026-09-17__archive__research-desk-workbench-global-handoff.md	current_source
05_科研台_学习台_工作台支撑	九月新增或相关产出	交接与恢复	/mnt/d/MyResearch/MAS_Safety_Project/progress/handoff/2026-09-17__research-desk-workbench-global__handoff.md	2026-09-17 01:49:38.206504300 -0700	9549	bb21b681b522c8a1d28941052a92f0b96094ed55734e8375d5de1691d6ca1402	05_科研台_学习台_工作台支撑/交接与恢复/2026-09-17__research-desk-workbench-global__handoff.md	current_source
05_科研台_学习台_工作台支撑	九月新增或相关产出	任务日志	/mnt/d/MyResearch/MAS_Safety_Project/progress/task_logs/2026/09/2026-09-16__research__research-copilot-cockpit-g0-freeze.md	2026-09-17 01:47:16.813998700 -0700	5530	b32ecf652e0bf7927c21242afcab68159e2bcaca419dddb1902942207675e1f5	05_科研台_学习台_工作台支撑/任务日志/2026/09/2026-09-16__research__research-copilot-cockpit-g0-freeze.md	current_source
05_科研台_学习台_工作台支撑	九月新增或相关产出	交接与恢复	/mnt/d/MyResearch/MAS_Safety_Project/progress/handoff/2026-09-17__research-copilot-cockpit-g0__handoff.md	2026-09-17 01:47:16.784695700 -0700	3148	0bb2ff75830acf8ad46c70aa6ea83974646d40f2f22cbe8e704229ae0e7ea037	05_科研台_学习台_工作台支撑/交接与恢复/2026-09-17__research-copilot-cockpit-g0__handoff.md	current_source
05_科研台_学习台_工作台支撑	九月新增或相关产出	交接与恢复	/mnt/d/MyResearch/MAS_Safety_Project/progress/handoff/2026-09-17__research-copilot-user-trial-save-failure__handoff.md	2026-09-17 01:47:16.756520500 -0700	3416	a5731e2c9d93fb0fc2c0b351c2d741c65229a88a72eb79b5fbd7b9dae8e253e8	05_科研台_学习台_工作台支撑/交接与恢复/2026-09-17__research-copilot-user-trial-save-failure__handoff.md	current_source
05_科研台_学习台_工作台支撑	九月新增或相关产出	计划或决策	/mnt/d/MyResearch/MAS_Safety_Project/progress/decisions/two-desks-delta-20260914/_review/20260917_cockpit-g0-independent-review.md	2026-09-17 01:35:26.929936300 -0700	4603	30689ad14053d5e0b5cfaac7f141e53b6b841381d5a5f459a2de2d31a55660dd	05_科研台_学习台_工作台支撑/计划与决策/two-desks-delta-20260914/_review/20260917_cockpit-g0-independent-review.md	current_source
05_科研台_学习台_工作台支撑	九月新增或相关产出	计划或决策	/mnt/d/MyResearch/MAS_Safety_Project/progress/decisions/two-desks-delta-20260914/RESEARCH_COPILOT_G0_FREEZE.md	2026-09-17 01:35:26.882119300 -0700	24707	3b4a029305925872beb8cf5ce9cfaa10bddf797ff2d56938fd6a3bee3c5e5207	05_科研台_学习台_工作台支撑/计划与决策/two-desks-delta-20260914/RESEARCH_COPILOT_G0_FREEZE.md	current_source
01_进组总计划_OE1_材料交付	九月产出_0917学习包已纳入	任务日志	/mnt/d/MyResearch/MAS_Safety_Project/progress/task_logs/2026/09/2026-09-17__research__jinzu-extension-master-contract-and-wave0.md	2026-09-17 01:33:43.596004200 -0700	2835	cddac7d94d86964cc631f09aed3e646e1774925255c4611d3533c2f0613169e1	01_进组总计划_OE1_材料交付/任务日志/2026/09/2026-09-17__research__jinzu-extension-master-contract-and-wave0.md	current_source
01_进组总计划_OE1_材料交付	九月新增或相关产出	计划或决策	/mnt/d/MyResearch/MAS_Safety_Project/progress/decisions/2026-09-17__research__jinzu-extension-wave1-receipt.md	2026-09-17 01:33:43.572724600 -0700	2268	6eed4d57adf9543cb96addf951e4dab8c73a212fcfe750e034887b43393640f4	01_进组总计划_OE1_材料交付/计划与决策/2026-09-17__research__jinzu-extension-wave1-receipt.md	current_source
05_科研台_学习台_工作台支撑	九月新增或相关产出	计划或决策	/mnt/d/MyResearch/MAS_Safety_Project/progress/decisions/two-desks-delta-20260914/RESEARCH_COPILOT_PROJECT_COCKPIT_PLAN.md	2026-09-17 01:33:25.764532500 -0700	24051	4eb446c1a23e18ae9fe553574b621f030ffbf3bd0a41c6e1d37366c7eb3b6d94	05_科研台_学习台_工作台支撑/计划与决策/two-desks-delta-20260914/RESEARCH_COPILOT_PROJECT_COCKPIT_PLAN.md	current_source
01_进组总计划_OE1_材料交付	九月新增或相关产出	计划或决策	/mnt/d/MyResearch/MAS_Safety_Project/progress/decisions/2026-09-17__research__jinzu-extension-master-execution-contract.md	2026-09-17 01:32:32.136930300 -0700	9742	dc76d676cc985d94dc58a5d62ae7affeebfd5eee29c19250ffa47bad87e63580	01_进组总计划_OE1_材料交付/计划与决策/2026-09-17__research__jinzu-extension-master-execution-contract.md	current_source
06_九月研究刷新/02_学术增量与被引_RS	九月新增或相关产出	九月研究刷新	/mnt/d/MyResearch/MAS_Safety_Project/research/map/surveys/rescan_202609/00_SUMMARY.md	2026-09-17 01:32:15.358726500 -0700	1805	e5821364d177636d59c221cbe5853a78f489481b8b62bf26969754806ace067d	06_九月研究刷新/02_学术增量与被引_RS/研究刷新/rescan_202609/00_SUMMARY.md	current_source
06_九月研究刷新/02_学术增量与被引_RS	九月新增或相关产出	九月研究刷新	/mnt/d/MyResearch/MAS_Safety_Project/research/map/surveys/rescan_202609/RSB_deep.md	2026-09-17 01:32:15.342922200 -0700	3367	3ae0a92cdb9c6c29afab1aff4a87fc3ef89adae57c151d0d49df7f1ba44d216f	06_九月研究刷新/02_学术增量与被引_RS/研究刷新/rescan_202609/RSB_deep.md	current_source
06_九月研究刷新/02_学术增量与被引_RS	九月新增或相关产出	九月研究刷新	/mnt/d/MyResearch/MAS_Safety_Project/research/map/surveys/rescan_202609/RSA_incremental.md	2026-09-17 01:32:15.324603100 -0700	1453	803ba3e1d59aedc1e0dee940ea707a8826191fc93e4b97315a44ccc627556da1	06_九月研究刷新/02_学术增量与被引_RS/研究刷新/rescan_202609/RSA_incremental.md	current_source
06_九月研究刷新/01_工业界_IND1	九月新增或相关产出	九月研究刷新	/mnt/d/MyResearch/MAS_Safety_Project/research/map/surveys/industry_scan_202609/IND1_minimal_scan.md	2026-09-17 01:32:15.302163400 -0700	4842	2f9b412ab8fce266b913e0b66f5a3aa27c0ed295a3e5b4600a3af06aadf8dafc	06_九月研究刷新/01_工业界_IND1/研究刷新/industry_scan_202609/IND1_minimal_scan.md	current_source
01_进组总计划_OE1_材料交付	九月新增或相关产出	计划或决策	/mnt/d/MyResearch/MAS_Safety_Project/progress/decisions/2026-09-17__research__jinzu-extension-wave1-launch-contract.md	2026-09-17 01:13:54.705329700 -0700	3450	f688d7a3034db4f5806d8c44a3f1fdc5007d32173b1b9f32a0bd0207dc9cb65e	01_进组总计划_OE1_材料交付/计划与决策/2026-09-17__research__jinzu-extension-wave1-launch-contract.md	current_source
01_进组总计划_OE1_材料交付	九月新增或相关产出	计划或决策	/mnt/d/MyResearch/MAS_Safety_Project/progress/decisions/2026-09-17__research__jinzu-extension-wave0-receipt.md	2026-09-17 00:38:54.624642100 -0700	3798	07e5289937d9346f4adc286d77cfcb1a0ddf5220b1610aea683849ee6cf66a05	01_进组总计划_OE1_材料交付/计划与决策/2026-09-17__research__jinzu-extension-wave0-receipt.md	current_source
01_进组总计划_OE1_材料交付	九月新增或相关产出	交接与恢复	/mnt/d/MyResearch/MAS_Safety_Project/progress/handoff/2026-09-17__outreach__oe1-br1-decision-and-draft-ab.md	2026-09-17 00:25:06.159075700 -0700	7859	27fc5c73e698620a07e6c7eaef45348a3b494a04fcd5d00cbb7d9f2b6c081002	01_进组总计划_OE1_材料交付/交接与恢复/2026-09-17__outreach__oe1-br1-decision-and-draft-ab.md	current_source
01_进组总计划_OE1_材料交付	九月新增或相关产出	进组交付材料	/mnt/d/MyResearch/MAS_Safety_Project/research/map/proposals/T5_companion_prob_shield.md	2026-09-17 00:21:02.065861800 -0700	14056	ff6a46f147c953d1e3ec7cc8fdf8c2a6017622009222a3b4ba9a82d19453889d	01_进组总计划_OE1_材料交付/进组交付材料/T5_companion_prob_shield.md	current_source
01_进组总计划_OE1_材料交付	九月产出_0917学习包已纳入	项目卡	/mnt/d/MyResearch/MAS_Safety_Project/progress/projects/jinzu-sprint.md	2026-09-17 00:20:55.240239900 -0700	6829	40b6cf6337184e248b4c2fa4f4a31a5e54cebf336c654681f11eee8a12c8064c	01_进组总计划_OE1_材料交付/项目卡/jinzu-sprint.md	current_source
05_科研台_学习台_工作台支撑	九月新增或相关产出	交接与恢复	/mnt/d/MyResearch/MAS_Safety_Project/progress/handoff/2026-09-16__research-copilot-cockpit-plan__handoff.md	2026-09-16 22:42:47.587324300 -0700	4298	dd1648ad7b82d5f68cdbf3af0a472e7dbd99f95d113d4924c8efdfbeb1fc2f59	05_科研台_学习台_工作台支撑/交接与恢复/2026-09-16__research-copilot-cockpit-plan__handoff.md	current_source
05_科研台_学习台_工作台支撑	九月新增或相关产出	任务日志	/mnt/d/MyResearch/MAS_Safety_Project/progress/task_logs/2026/09/2026-09-16__research__research-copilot-reference-integration-plan.md	2026-09-16 22:42:47.572170800 -0700	9187	7c8d502889227f197b3c99b24a6819d00b1add4e1f5ca52f384738e26791888c	05_科研台_学习台_工作台支撑/任务日志/2026/09/2026-09-16__research__research-copilot-reference-integration-plan.md	current_source
05_科研台_学习台_工作台支撑	九月新增或相关产出	计划或决策	/mnt/d/MyResearch/MAS_Safety_Project/progress/decisions/two-desks-delta-20260914/_review/20260916_cockpit-review-controller-reconciliation.md	2026-09-16 22:35:50.973443900 -0700	4900	51b0e09299aaf1230ec82ab0a1d96220083588c9af899bbec3db8ebb4c515a00	05_科研台_学习台_工作台支撑/计划与决策/two-desks-delta-20260914/_review/20260916_cockpit-review-controller-reconciliation.md	current_source
05_科研台_学习台_工作台支撑	九月新增或相关产出	任务日志	/mnt/d/MyResearch/MAS_Safety_Project/progress/task_logs/2026/09/2026-09-16__audit__research-learning-desks-infrastructure-integration.md	2026-09-16 07:47:58.240074500 -0700	5654	f2b772ab0bfec8086968b3d1ff3bd2c549e7238c8bf53f8e316fd218984a9bfe	05_科研台_学习台_工作台支撑/任务日志/2026/09/2026-09-16__audit__research-learning-desks-infrastructure-integration.md	current_source
05_科研台_学习台_工作台支撑	九月新增或相关产出	审计与核验	/mnt/d/MyResearch/MAS_Safety_Project/progress/audits/2026/09/2026-09-16__research-learning-desks-infrastructure-integration/INTEGRATION_AUDIT.md	2026-09-16 07:47:58.222780200 -0700	16057	1eb27639721a254800292af67c1461f118e794ab884a493cb9daad221a93ac4a	05_科研台_学习台_工作台支撑/审计与核验/2026/09/2026-09-16__research-learning-desks-infrastructure-integration/INTEGRATION_AUDIT.md	current_source
05_科研台_学习台_工作台支撑	九月新增或相关产出	计划或决策	/mnt/d/MyResearch/MAS_Safety_Project/progress/decisions/two-desks-delta-20260914/_review/20260916_fable5-independent-review.md	2026-09-16 07:46:02.101395600 -0700	17611	04cfd1bb8ca7033e732f71c243aae2bbccd421b10624fd906e91d47935ad2dbe	05_科研台_学习台_工作台支撑/计划与决策/two-desks-delta-20260914/_review/20260916_fable5-independent-review.md	current_source
01_进组总计划_OE1_材料交付	九月新增或相关产出	审计与核验	/mnt/d/MyResearch/MAS_Safety_Project/progress/audits/2026/09/2026-09-16__jinzu-and-research-infra-landscape/LANDSCAPE_AND_PROPOSALS.md	2026-09-16 07:42:47.142554700 -0700	17328	78dca2621d29555bbf70b5091b7a300617dde70086a8f0404c1db0032bf80306	01_进组总计划_OE1_材料交付/审计与核验/2026/09/2026-09-16__jinzu-and-research-infra-landscape/LANDSCAPE_AND_PROPOSALS.md	current_source
01_进组总计划_OE1_材料交付/99_其他相关计划与状态	九月新增或相关产出	计划或决策	/mnt/d/MyResearch/MAS_Safety_Project/progress/decisions/PENDING.md	2026-09-16 07:42:27.349685100 -0700	30673	3d7f015ad0f87c6fb1fd5371ebd79b41e295bebde09e39b5da4536d98a2710e8	01_进组总计划_OE1_材料交付/99_其他相关计划与状态/计划与决策/PENDING.md	current_source
01_进组总计划_OE1_材料交付	九月新增或相关产出	任务日志	/mnt/d/MyResearch/MAS_Safety_Project/progress/task_logs/2026/09/2026-09-16__research__jinzu-and-research-infra-landscape-audit.md	2026-09-16 07:42:15.270416000 -0700	7490	8dc2c9cd9489bd4801f10cf5aa5494f555786d8fade08e3500de3eeb8b831867	01_进组总计划_OE1_材料交付/任务日志/2026/09/2026-09-16__research__jinzu-and-research-infra-landscape-audit.md	current_source
02_四论文Ownership主线/00_共享合同_计划_验收	九月新增或相关产出	审计与核验	/mnt/d/MyResearch/MAS_Safety_Project/progress/audits/2026/09/2026-09-15__ownership-v3-controller-acceptance/CONTROLLER_ACCEPTANCE.md	2026-09-16 07:04:12.782405300 -0700	18015	a5765751d2bbb6115f76709c65fbed3c2b19801d7a3780fbc975005192246bff	02_四论文Ownership主线/00_共享合同_计划_验收/审计与核验/2026/09/2026-09-15__ownership-v3-controller-acceptance/CONTROLLER_ACCEPTANCE.md	current_source
02_四论文Ownership主线/00_共享合同_计划_验收	九月新增或相关产出	任务日志	/mnt/d/MyResearch/MAS_Safety_Project/progress/task_logs/2026/09/2026-09-16__research__ownership-v3-batch2-remaining-modules-controller-recheck.md	2026-09-16 07:03:23.532864800 -0700	10031	f5794813511ec85ae32dbda69c3e2dd4bc873414aca066bfa01d2df6ae83b227	02_四论文Ownership主线/00_共享合同_计划_验收/任务日志/2026/09/2026-09-16__research__ownership-v3-batch2-remaining-modules-controller-recheck.md	current_source
02_四论文Ownership主线/03_GroundTruth_Sommers	九月新增或相关产出	任务日志	/mnt/d/MyResearch/MAS_Safety_Project/progress/task_logs/2026/09/2026-09-16__research__ground-truth-p0p3-verdict-correction.md	2026-09-16 05:09:28.819980500 -0700	10790	7e94611be7dbeee20dee2e2399c9e7f262ac5089012249c97530b6963546aca9	02_四论文Ownership主线/03_GroundTruth_Sommers/任务日志/2026/09/2026-09-16__research__ground-truth-p0p3-verdict-correction.md	current_source
02_四论文Ownership主线/00_共享合同_计划_验收	九月新增或相关产出	交接与恢复	/mnt/d/MyResearch/MAS_Safety_Project/progress/handoff/2026-09-15__ownership-v3-window-archive/WINDOW-ARCHIVE-MANIFEST-20260915.sha256	2026-09-15 08:04:26.923495700 -0700	689	62dd832085a316c8f9909a4e8f32bcd57c216d9d2c693c68dfb948b044db4843	02_四论文Ownership主线/00_共享合同_计划_验收/交接与恢复/2026-09-15__ownership-v3-window-archive/WINDOW-ARCHIVE-MANIFEST-20260915.sha256	current_source
02_四论文Ownership主线/00_共享合同_计划_验收	九月新增或相关产出	交接与恢复	/mnt/d/MyResearch/MAS_Safety_Project/progress/handoff/2026-09-15__ownership-v3-window-archive/WINDOW-ARCHIVE-MANIFEST-20260915.md	2026-09-15 08:03:23.947545500 -0700	4315	2cc5608a9d30c77a2e9c462a42fb14cd74530bd4e83eb1a64b1b3b546b6d5152	02_四论文Ownership主线/00_共享合同_计划_验收/交接与恢复/2026-09-15__ownership-v3-window-archive/WINDOW-ARCHIVE-MANIFEST-20260915.md	current_source
02_四论文Ownership主线/00_共享合同_计划_验收	九月新增或相关产出	交接与恢复	/mnt/d/MyResearch/MAS_Safety_Project/progress/handoff/2026-09-15__ownership-v3-window-archive/WINDOW-MAINTENANCE-MANUAL-20260915.md	2026-09-15 08:02:35.095928600 -0700	5700	9eeab715ecbebd9331a4943902e094233cd68f94b8d900047192eca334d57e6d	02_四论文Ownership主线/00_共享合同_计划_验收/交接与恢复/2026-09-15__ownership-v3-window-archive/WINDOW-MAINTENANCE-MANUAL-20260915.md	current_source
02_四论文Ownership主线/00_共享合同_计划_验收	九月新增或相关产出	交接与恢复	/mnt/d/MyResearch/MAS_Safety_Project/progress/handoff/2026-09-15__ownership-v3-window-archive/WINDOW-USER-MANUAL-20260915.md	2026-09-15 08:02:02.209685300 -0700	4499	cdd9926698978a2bed0a1ac9649403751f3fdfedd79165685fdb739ce0cf11b1	02_四论文Ownership主线/00_共享合同_计划_验收/交接与恢复/2026-09-15__ownership-v3-window-archive/WINDOW-USER-MANUAL-20260915.md	current_source
02_四论文Ownership主线/00_共享合同_计划_验收	九月新增或相关产出	交接与恢复	/mnt/d/MyResearch/MAS_Safety_Project/progress/handoff/2026-09-15__ownership-v3-window-archive/WINDOW-HANDOFF-20260915.md	2026-09-15 08:01:36.756539300 -0700	5855	659185aea905b54a16ce77b62e79aa8fec96ea61b40f3e594425831d3943d8d4	02_四论文Ownership主线/00_共享合同_计划_验收/交接与恢复/2026-09-15__ownership-v3-window-archive/WINDOW-HANDOFF-20260915.md	current_source
02_四论文Ownership主线/00_共享合同_计划_验收	九月新增或相关产出	交接与恢复	/mnt/d/MyResearch/MAS_Safety_Project/progress/handoff/2026-09-15__ownership-v3-window-archive/WINDOW-ARCHITECTURE-AND-PLAN-20260915.md	2026-09-15 08:01:04.821938500 -0700	9669	687d551664d23792484d419639ff6ef03f382ffffb3324aad5b2c9a6be191a1e	02_四论文Ownership主线/00_共享合同_计划_验收/交接与恢复/2026-09-15__ownership-v3-window-archive/WINDOW-ARCHITECTURE-AND-PLAN-20260915.md	current_source
02_四论文Ownership主线/00_共享合同_计划_验收	九月新增或相关产出	交接与恢复	/mnt/d/MyResearch/MAS_Safety_Project/progress/handoff/2026-09-15__ownership-v3-window-archive/WINDOW-WORKLOG-20260915.md	2026-09-15 08:00:14.682350900 -0700	11938	2273f5b8bf4eb1f5486cea6941a19eca60e7bf4d822a5ce8a14ec1a319b83ed1	02_四论文Ownership主线/00_共享合同_计划_验收/交接与恢复/2026-09-15__ownership-v3-window-archive/WINDOW-WORKLOG-20260915.md	current_source
01_进组总计划_OE1_材料交付/99_其他相关计划与状态	九月新增或相关产出	任务日志	/mnt/d/MyResearch/MAS_Safety_Project/progress/task_logs/2026/09/2026-09-15__archive__desks-window-current.md	2026-09-15 07:59:45.972246500 -0700	4113	fcd980f72fe84f0e351420a6ea295da29a6c131fb4c77b8147dd3c550f3a325f	01_进组总计划_OE1_材料交付/99_其他相关计划与状态/任务日志/2026/09/2026-09-15__archive__desks-window-current.md	current_source
02_四论文Ownership主线/00_共享合同_计划_验收	九月新增或相关产出	交接与恢复	/mnt/d/MyResearch/MAS_Safety_Project/progress/handoff/2026-09-15__ownership-v3-window-archive/WINDOW-ARCHIVE-20260915.md	2026-09-15 07:59:13.299030100 -0700	16433	c339d1d918a53097b21d97956656b7cb05d44c3c1104ad3484f5587dc9cb99d1	02_四论文Ownership主线/00_共享合同_计划_验收/交接与恢复/2026-09-15__ownership-v3-window-archive/WINDOW-ARCHIVE-20260915.md	current_source
01_进组总计划_OE1_材料交付	九月新增或相关产出	手册与规则	/mnt/d/MyResearch/MAS_Safety_Project/progress/runbooks/lu-onboarding-and-desks-maintenance.md	2026-09-15 07:58:46.776341500 -0700	9512	8dc3e6322be98fc4b188084651ac39396ac21c4cbaa044e201ce89447545fe6d	01_进组总计划_OE1_材料交付/手册/lu-onboarding-and-desks-maintenance.md	current_source
01_进组总计划_OE1_材料交付	九月新增或相关产出	手册与规则	/mnt/d/MyResearch/MAS_Safety_Project/progress/runbooks/lu-onboarding-and-desks-user-guide.md	2026-09-15 07:58:46.747926900 -0700	7383	a3f1b9d2f28f587c0d5617cfabd11059d3d4fbe6c598eceefc34eebf5beec8d0	01_进组总计划_OE1_材料交付/手册/lu-onboarding-and-desks-user-guide.md	current_source
01_进组总计划_OE1_材料交付	九月新增或相关产出	手册与规则	/mnt/d/MyResearch/MAS_Safety_Project/progress/runbooks/lu-onboarding-and-desks-architecture.md	2026-09-15 07:58:46.670295500 -0700	7962	ae5b959a4fdcdf7bfe12ec8b8f000406864db8d14950cab90ce9fb2070fc2d7e	01_进组总计划_OE1_材料交付/手册/lu-onboarding-and-desks-architecture.md	current_source
05_科研台_学习台_工作台支撑	九月新增或相关产出	计划或决策	/mnt/d/MyResearch/MAS_Safety_Project/progress/decisions/two-desks-delta-20260914/NEXT_EXECUTION_PLAN.md	2026-09-15 07:58:46.616263300 -0700	9941	8d69424999c71616743bfd4c7329cce7a3a14713b67f9d58ad2429b4822abffb	05_科研台_学习台_工作台支撑/计划与决策/two-desks-delta-20260914/NEXT_EXECUTION_PLAN.md	current_source
01_进组总计划_OE1_材料交付	九月新增或相关产出	交接与恢复	/mnt/d/MyResearch/MAS_Safety_Project/progress/handoff/2026-09-15__lu-onboarding-and-desks-window__handoff.md	2026-09-15 07:58:46.583966500 -0700	13600	95a3fa4d3ceddf0d1ece3cae0f5603fe1b7eb40963e22e0f6889e04376301a1d	01_进组总计划_OE1_材料交付/交接与恢复/2026-09-15__lu-onboarding-and-desks-window__handoff.md	current_source
01_进组总计划_OE1_材料交付/99_其他相关计划与状态	九月新增或相关产出	交接与恢复	/mnt/d/MyResearch/MAS_Safety_Project/progress/handoff/2026-09-15__desks-window-current__handoff.md	2026-09-15 07:57:46.643931000 -0700	9805	9404600648a5b251d8557369487e53a0cf47c36c410ea651b1fad66b9edf6c07	01_进组总计划_OE1_材料交付/99_其他相关计划与状态/交接与恢复/2026-09-15__desks-window-current__handoff.md	current_source
02_四论文Ownership主线/00_共享合同_计划_验收	九月新增或相关产出	计划或决策	/mnt/d/MyResearch/MAS_Safety_Project/progress/decisions/2026-09-15__research__ownership-v3-three-gaps-remediation-plan.md	2026-09-15 07:56:46.285104400 -0700	20114	3519dbc89d29ba93a295080d25d9e18e24666f704be4006dbaf437b8ab133b2a	02_四论文Ownership主线/00_共享合同_计划_验收/计划与决策/2026-09-15__research__ownership-v3-three-gaps-remediation-plan.md	current_source
02_四论文Ownership主线/00_共享合同_计划_验收	九月新增或相关产出	任务日志	/mnt/d/MyResearch/MAS_Safety_Project/progress/task_logs/2026/09/2026-09-15__research__ownership-v3-controller-acceptance-batch2-parallel.md	2026-09-15 07:54:34.151525900 -0700	8171	097922c63ee216881642c7d73b1bf5949c527f6321dd66261dd037f289c8d840	02_四论文Ownership主线/00_共享合同_计划_验收/任务日志/2026/09/2026-09-15__research__ownership-v3-controller-acceptance-batch2-parallel.md	current_source
02_四论文Ownership主线/00_共享合同_计划_验收	九月新增或相关产出	计划或决策	/mnt/d/MyResearch/MAS_Safety_Project/progress/decisions/2026-09-15__research__ownership-v3-teaching-debt-priority-queue.md	2026-09-15 07:44:03.023003400 -0700	6994	96e9038de4a817b0dd67425af6bffb9923a79af2f1bd45c2b7ad00a0f48fb354	02_四论文Ownership主线/00_共享合同_计划_验收/计划与决策/2026-09-15__research__ownership-v3-teaching-debt-priority-queue.md	current_source
01_进组总计划_OE1_材料交付/99_其他相关计划与状态	九月新增或相关产出	任务日志	/mnt/d/MyResearch/MAS_Safety_Project/progress/task_logs/2026/09/2026-09-15__research__task004-status-correction.md	2026-09-15 07:41:21.009997700 -0700	6980	8faa931a28c07722e8f5a5c69bdece78b592cf226fa06334c32bf54e64361f97	01_进组总计划_OE1_材料交付/99_其他相关计划与状态/任务日志/2026/09/2026-09-15__research__task004-status-correction.md	current_source
01_进组总计划_OE1_材料交付/99_其他相关计划与状态	九月新增或相关产出	任务日志	/mnt/d/MyResearch/MAS_Safety_Project/progress/task_logs/2026/09/2026-09-15__implementation__desks-ab-review-and-user-trial.md	2026-09-15 07:27:09.964419500 -0700	3629	0f07cae253029c288385aed443444b567d2986c0b7ffbe4a459975cdb9b02322	01_进组总计划_OE1_材料交付/99_其他相关计划与状态/任务日志/2026/09/2026-09-15__implementation__desks-ab-review-and-user-trial.md	current_source
02_四论文Ownership主线/01_EdgeIM	九月产出_0917学习包已纳入	学习包与本人作答	/mnt/d/MyResearch/MAS_Safety_Project/learning/training/lu-edgeim-algo1/EX-03/answ-ex03.md	2026-09-15 07:21:26.445484000 -0700	12326	10099a5bb6c652dc558a576ac6a773fcf225ab6bedd0dac2ed408a4f40a55780	02_四论文Ownership主线/01_EdgeIM/学习与课程/EX-03/answ-ex03.md	current_source
02_四论文Ownership主线/01_EdgeIM	九月产出_0917学习包已纳入	学习包与本人作答	/mnt/d/MyResearch/MAS_Safety_Project/learning/training/lu-edgeim-algo1/EX-05/own.py	2026-09-15 07:21:25.265905400 -0700	3305	8a76cb097ae898c38241b1c7adc31721e8a428041416622e345392db7529dcb4	02_四论文Ownership主线/01_EdgeIM/学习与课程/EX-05/own.py	current_source
02_四论文Ownership主线/00_共享合同_计划_验收	九月新增或相关产出	任务日志	/mnt/d/MyResearch/MAS_Safety_Project/progress/task_logs/2026/09/2026-09-15__research__ownership-v3-controller-acceptance-batch1.md	2026-09-15 07:17:06.911698600 -0700	6159	3cc372fc64cc555b68b9779abd4467350685a4dc9663016417d122ff7b963c24	02_四论文Ownership主线/00_共享合同_计划_验收/任务日志/2026/09/2026-09-15__research__ownership-v3-controller-acceptance-batch1.md	current_source
05_科研台_学习台_工作台支撑	九月新增或相关产出	任务日志	/mnt/d/MyResearch/MAS_Safety_Project/progress/task_logs/2026/09/2026-09-15__implementation__desks-n2-closeout-and-workbench-link.md	2026-09-15 07:16:47.307026700 -0700	8477	7b6cb9401a52d82826e611a0926a43cf2299e092d79dab8e25d7f266c0cd99bf	05_科研台_学习台_工作台支撑/任务日志/2026/09/2026-09-15__implementation__desks-n2-closeout-and-workbench-link.md	current_source
05_科研台_学习台_工作台支撑	九月新增或相关产出	计划或决策	/mnt/d/MyResearch/MAS_Safety_Project/progress/decisions/two-desks-delta-20260914/WORKBENCH_LINK_REVIEW.md	2026-09-15 07:15:11.743706700 -0700	4789	7cee3e8517a57f4404d66d0d4717cc31bf60309b5c348b662f7631253786cfd5	05_科研台_学习台_工作台支撑/计划与决策/two-desks-delta-20260914/WORKBENCH_LINK_REVIEW.md	current_source
02_四论文Ownership主线/00_共享合同_计划_验收	九月新增或相关产出	任务日志	/mnt/d/MyResearch/MAS_Safety_Project/progress/task_logs/2026/09/2026-09-15__research__ownership-v3-teaching-debt-priority-queue.md	2026-09-15 06:42:13.509346600 -0700	5617	ab757e550626f9d69c88d970388bad1c4b19e47d668cb951dbbe5f6edd53fe26	02_四论文Ownership主线/00_共享合同_计划_验收/任务日志/2026/09/2026-09-15__research__ownership-v3-teaching-debt-priority-queue.md	current_source
01_进组总计划_OE1_材料交付	九月新增或相关产出	任务日志	/mnt/d/MyResearch/MAS_Safety_Project/progress/task_logs/2026/09/2026-09-15__research__lu-side-jinzu-sprint-routing-cards-v3-sync.md	2026-09-15 06:35:35.425541200 -0700	7052	c520266ba09e1731df9cb8e038b5e4f1db87769e7ec56e0ff629300ca6127e78	01_进组总计划_OE1_材料交付/任务日志/2026/09/2026-09-15__research__lu-side-jinzu-sprint-routing-cards-v3-sync.md	current_source
01_进组总计划_OE1_材料交付/99_其他相关计划与状态	九月新增或相关产出	项目卡	/mnt/d/MyResearch/MAS_Safety_Project/progress/projects/lu-side.md	2026-09-15 06:32:46.503109000 -0700	4936	8832eec9bad6e8d13a29e2c91d2ef6d2702916a2875dd443be30622a2d871b28	01_进组总计划_OE1_材料交付/99_其他相关计划与状态/项目卡/lu-side.md	current_source
01_进组总计划_OE1_材料交付	九月新增或相关产出	任务日志	/mnt/d/MyResearch/MAS_Safety_Project/progress/task_logs/2026/09/2026-09-15__archive__lu-onboarding-and-desks-window.md	2026-09-15 05:47:29.447975800 -0700	7724	d05f7d2df54fb8f4a32b7adfc7d3a1fa2801e6161b986aa91caab21090dff4a3	01_进组总计划_OE1_材料交付/任务日志/2026/09/2026-09-15__archive__lu-onboarding-and-desks-window.md	current_source
01_进组总计划_OE1_材料交付	九月新增或相关产出	计划或决策	/mnt/d/MyResearch/MAS_Safety_Project/progress/decisions/2026-09-15__research__lu-onboarding-supplement-next-plan.md	2026-09-15 05:36:04.646626100 -0700	7358	0d862e64d16bf73f47c2ad6d18e431dde29fd2043734bd2899701d202372da60	01_进组总计划_OE1_材料交付/计划与决策/2026-09-15__research__lu-onboarding-supplement-next-plan.md	current_source
05_科研台_学习台_工作台支撑	九月新增或相关产出	任务日志	/mnt/d/MyResearch/MAS_Safety_Project/progress/task_logs/2026/09/2026-09-15__research__reference-followup-and-scoped-archive.md	2026-09-15 05:20:48.908518500 -0700	6137	8ee67236d746596d5b642284593e8ed964dc58f38e12865bf78abd3554db29a7	05_科研台_学习台_工作台支撑/任务日志/2026/09/2026-09-15__research__reference-followup-and-scoped-archive.md	current_source
05_科研台_学习台_工作台支撑	九月新增或相关产出	计划或决策	/mnt/d/MyResearch/MAS_Safety_Project/progress/decisions/two-desks-delta-20260914/FIRST_BUILD_PLAN.md	2026-09-15 05:19:30.790548300 -0700	19872	2af50c5324e9efee40563fc41cf7e0188ce0408e2b37323ab00cb49ac00a6e6a	05_科研台_学习台_工作台支撑/计划与决策/two-desks-delta-20260914/FIRST_BUILD_PLAN.md	current_source
05_科研台_学习台_工作台支撑	九月新增或相关产出	计划或决策	/mnt/d/MyResearch/MAS_Safety_Project/progress/decisions/two-desks-delta-20260914/REFERENCE_INTEGRATION_PLAN.md	2026-09-15 05:19:30.765195400 -0700	28484	f22d8c4369289cb5b7a988466d4d046834f0128a355956547fd4ddebed943f47	05_科研台_学习台_工作台支撑/计划与决策/two-desks-delta-20260914/REFERENCE_INTEGRATION_PLAN.md	current_source
05_科研台_学习台_工作台支撑	九月新增或相关产出	计划或决策	/mnt/d/MyResearch/MAS_Safety_Project/progress/decisions/two-desks-delta-20260914/REFERENCE_EVALUATION.md	2026-09-15 05:18:13.157109800 -0700	35296	5b899bece7bd49bfc44b885cee21fa9c7cd7f4f73c4fcb78c20819b3ab503fbe	05_科研台_学习台_工作台支撑/计划与决策/two-desks-delta-20260914/REFERENCE_EVALUATION.md	current_source
05_科研台_学习台_工作台支撑	九月新增或相关产出	计划或决策	/mnt/d/MyResearch/MAS_Safety_Project/progress/decisions/two-desks-delta-20260914/SOURCE_EXCERPT_PROPOSAL.md	2026-09-15 05:18:13.146135700 -0700	12631	b5ecace6ef8733d593732fee254079c30d7494fcb4f2f0b33bd59acec1eb9bc9	05_科研台_学习台_工作台支撑/计划与决策/two-desks-delta-20260914/SOURCE_EXCERPT_PROPOSAL.md	current_source
05_科研台_学习台_工作台支撑	九月新增或相关产出	任务日志	/mnt/d/MyResearch/MAS_Safety_Project/progress/task_logs/2026/09/2026-09-15__research__reference-evaluation-first-pass.md	2026-09-15 05:04:00.536013200 -0700	7083	bde10ed3f4a7e0c764a5ed4d9d1f5de0edc55d5cb6c13e6d1f0a0128ed88c901	05_科研台_学习台_工作台支撑/任务日志/2026/09/2026-09-15__research__reference-evaluation-first-pass.md	current_source
05_科研台_学习台_工作台支撑	九月新增或相关产出	任务日志	/mnt/d/MyResearch/MAS_Safety_Project/progress/task_logs/2026/09/2026-09-15__research__reference-integration-plan-and-criteria.md	2026-09-15 04:31:27.397986500 -0700	5637	eb3270fef3c8b223f83d3b20215afb0f28826b118d236fb389e3210c31bb53f4	05_科研台_学习台_工作台支撑/任务日志/2026/09/2026-09-15__research__reference-integration-plan-and-criteria.md	current_source
05_科研台_学习台_工作台支撑	九月新增或相关产出	任务日志	/mnt/d/MyResearch/MAS_Safety_Project/progress/task_logs/2026/09/2026-09-15__archive__two-desks-planweave-handwriting-reference.md	2026-09-15 03:04:59.717454900 -0700	8255	0b51524651f6de1345de587e1b5b4d1f1084730513c5fb90d75523de7646e1ca	05_科研台_学习台_工作台支撑/任务日志/2026/09/2026-09-15__archive__two-desks-planweave-handwriting-reference.md	current_source
02_四论文Ownership主线/00_共享合同_计划_验收	九月新增或相关产出	任务日志	/mnt/d/MyResearch/MAS_Safety_Project/progress/task_logs/2026/09/2026-09-15__research__ownership-v3-three-gaps-execution-and-handoff.md	2026-09-15 02:48:07.712173500 -0700	8797	5f61f3cf8f531abc1c588577aa03a7058f2ffbde650c2a7ddadea4b1819f42e2	02_四论文Ownership主线/00_共享合同_计划_验收/任务日志/2026/09/2026-09-15__research__ownership-v3-three-gaps-execution-and-handoff.md	current_source
02_四论文Ownership主线/00_共享合同_计划_验收	九月产出_0917学习包已纳入	交接与恢复	/mnt/d/MyResearch/MAS_Safety_Project/progress/handoff/2026-09-15__ownership-v3-three-gaps-remediation__handoff.md	2026-09-15 02:44:45.013953600 -0700	17957	1eb0227418095a1ff09c4611de5a70842f984a1e23fd8aadce5442472cf406ab	02_四论文Ownership主线/00_共享合同_计划_验收/交接与恢复/2026-09-15__ownership-v3-three-gaps-remediation__handoff.md	current_source
05_科研台_学习台_工作台支撑	九月新增或相关产出	任务日志	/mnt/d/MyResearch/MAS_Safety_Project/progress/task_logs/2026/09/2026-09-15__implementation__two-desks-b-goals-return.md	2026-09-15 02:26:07.044818600 -0700	5290	ac831d8f41cf4a78991b7b4044adc94c2c0c40e4bf2215ff089d7265f84fa445	05_科研台_学习台_工作台支撑/任务日志/2026/09/2026-09-15__implementation__two-desks-b-goals-return.md	current_source
02_四论文Ownership主线/00_共享合同_计划_验收	九月新增或相关产出	任务日志	/mnt/d/MyResearch/MAS_Safety_Project/progress/task_logs/2026/09/2026-09-15__research__ownership-v3-three-gaps-remediation-plan.md	2026-09-15 02:14:38.049483200 -0700	5744	020e66dcef3fcdb0cf5a2f68ae53aeddad502226e5a12f2e3f81cf409186e6cd	02_四论文Ownership主线/00_共享合同_计划_验收/任务日志/2026/09/2026-09-15__research__ownership-v3-three-gaps-remediation-plan.md	current_source
05_科研台_学习台_工作台支撑	九月新增或相关产出	任务日志	/mnt/d/MyResearch/MAS_Safety_Project/progress/task_logs/2026/09/2026-09-15__implementation__two-desks-a-source-save.md	2026-09-15 01:34:51.963897800 -0700	5233	221f734422701f38d086e4b15d7672676d566f7ae79a7f8588101d11778b3b7b	05_科研台_学习台_工作台支撑/任务日志/2026/09/2026-09-15__implementation__two-desks-a-source-save.md	current_source
04_Bridge与迁移研究	九月新增或相关产出	任务日志	/mnt/d/MyResearch/MAS_Safety_Project/progress/task_logs/2026/09/2026-09-15__research__bridge-freeze-date-decoupling-and-plan-review.md	2026-09-15 01:19:18.222620100 -0700	7101	d1c9e88e599356e3e68a92d88bf76b483c1e20b55b99b58a937c5a675f186d94	04_Bridge与迁移研究/任务日志/2026/09/2026-09-15__research__bridge-freeze-date-decoupling-and-plan-review.md	current_source
02_四论文Ownership主线/01_EdgeIM	九月产出_0917学习包已纳入	学习包与本人作答	/mnt/d/MyResearch/MAS_Safety_Project/learning/training/lu-edgeim-algo1/BRIEF.md	2026-09-15 01:05:17.880120800 -0700	21107	c101afca28148a5d04b41ac0c37a8c1d19d5df74224c804402d9792912e3bec8	02_四论文Ownership主线/01_EdgeIM/学习与课程/BRIEF.md	current_source
04_Bridge与迁移研究	九月新增或相关产出	计划或决策	/mnt/d/MyResearch/MAS_Safety_Project/progress/decisions/2026-09-03__research__bridge-lu-execution-plan-v1.0.md	2026-09-15 01:02:37.738015800 -0700	18820	83a220c493c3537bb66325f3e4681bf28a25c2e9583d85c68d12efcd1bf5d584	04_Bridge与迁移研究/计划与决策/2026-09-03__research__bridge-lu-execution-plan-v1.0.md	current_source
05_科研台_学习台_工作台支撑	九月新增或相关产出	任务日志	/mnt/d/MyResearch/MAS_Safety_Project/progress/task_logs/2026/09/2026-09-14__research__two-desks-incremental-design-first-build.md	2026-09-14 23:45:30.946147600 -0700	11743	767374c6f029cd2e866c97fd4db19fd760f8921745c1a216c0259e08f57e6961	05_科研台_学习台_工作台支撑/任务日志/2026/09/2026-09-14__research__two-desks-incremental-design-first-build.md	current_source
05_科研台_学习台_工作台支撑	九月新增或相关产出	计划或决策	/mnt/d/MyResearch/MAS_Safety_Project/progress/decisions/two-desks-delta-20260914/DESIGN_DELTA.md	2026-09-14 23:44:28.184375800 -0700	16470	5dba3fc12724effc3b55f7bdd45992fce74c7109a715edec8809e15953788867	05_科研台_学习台_工作台支撑/计划与决策/two-desks-delta-20260914/DESIGN_DELTA.md	current_source
05_科研台_学习台_工作台支撑	九月新增或相关产出	计划或决策	/mnt/d/MyResearch/MAS_Safety_Project/progress/decisions/two-desks-delta-20260914/B_CONTRACT_PROPOSAL.md	2026-09-14 23:44:28.150448200 -0700	12413	7c81e75d51bb224e65772fc602c73dd2613f815d8dd73d445ea9c085258a7d21	05_科研台_学习台_工作台支撑/计划与决策/two-desks-delta-20260914/B_CONTRACT_PROPOSAL.md	current_source
05_科研台_学习台_工作台支撑	九月新增或相关产出	计划或决策	/mnt/d/MyResearch/MAS_Safety_Project/progress/decisions/two-desks-delta-20260914/SCENARIO_RECONCILIATION.md	2026-09-14 06:59:50.825930500 -0700	6743	132350e572c533b4909672ab290ae07ca6b79f7daef5d4cd92fae7abc516fede	05_科研台_学习台_工作台支撑/计划与决策/two-desks-delta-20260914/SCENARIO_RECONCILIATION.md	current_source
01_进组总计划_OE1_材料交付/99_其他相关计划与状态	九月新增或相关产出	任务日志	/mnt/d/MyResearch/MAS_Safety_Project/progress/task_logs/2026/09/2026-09-14__archive__lu-learning-multilayer-toy-discussion.md	2026-09-14 06:38:33.548057600 -0700	11597	383759aaf0241de151508c35a247619ee1c75f9573e41f987789802ae887ffac	01_进组总计划_OE1_材料交付/99_其他相关计划与状态/任务日志/2026/09/2026-09-14__archive__lu-learning-multilayer-toy-discussion.md	current_source
01_进组总计划_OE1_材料交付/99_其他相关计划与状态	九月新增或相关产出	计划或决策	/mnt/d/MyResearch/MAS_Safety_Project/progress/decisions/2026-09-14__research__multilayer-content-map-provisional-baseline.md	2026-09-14 06:36:29.981979200 -0700	23243	86a5ecba573d30f6a82c503bd3e0fd750d0de4e9f7e8def20a0c6fa4b720dcc3	01_进组总计划_OE1_材料交付/99_其他相关计划与状态/计划与决策/2026-09-14__research__multilayer-content-map-provisional-baseline.md	current_source
01_进组总计划_OE1_材料交付/99_其他相关计划与状态	九月新增或相关产出	交接与恢复	/mnt/d/MyResearch/MAS_Safety_Project/progress/handoff/2026-09-14__lu-learning-multilayer-toy-discussion__pause-handoff.md	2026-09-14 06:35:55.687055200 -0700	16540	86f88720b888c7b06f545b7b5b2156c1be418be164038503e9d802202679ae03	01_进组总计划_OE1_材料交付/99_其他相关计划与状态/交接与恢复/2026-09-14__lu-learning-multilayer-toy-discussion__pause-handoff.md	current_source
05_科研台_学习台_工作台支撑	九月新增或相关产出	计划或决策	/mnt/d/MyResearch/MAS_Safety_Project/progress/decisions/2026-09-14__research__multilayer-knowledge-network-requirements-tiers-draft.md	2026-09-14 06:35:55.680058700 -0700	16881	bbb11bcb3706619d7a2c896cc989e84d08355ce42a61fa75457b0be1ccf121a0	05_科研台_学习台_工作台支撑/计划与决策/2026-09-14__research__multilayer-knowledge-network-requirements-tiers-draft.md	current_source
02_四论文Ownership主线/01_EdgeIM	九月产出_0917学习包已纳入	学习包与本人作答	/mnt/d/MyResearch/MAS_Safety_Project/learning/training/lu-edgeim-algo1/EX-05a/algo1.py	2026-09-13 07:50:57.765669300 -0700	1282	299f377a142f9d0efd6b9974a34eaa9c2717fd57b1d75b0b5bebc7477f915273	02_四论文Ownership主线/01_EdgeIM/学习与课程/EX-05a/algo1.py	current_source
02_四论文Ownership主线/01_EdgeIM	九月产出_0917学习包已纳入	学习包与本人作答	/mnt/d/MyResearch/MAS_Safety_Project/learning/training/lu-edgeim-algo1/EX-05/README-EX04.md	2026-09-13 07:50:56.384937500 -0700	14351	e46c43eec0c7901587ecf24ddfdd317ed8919317717a860104a72d7f85e7e9e3	02_四论文Ownership主线/01_EdgeIM/学习与课程/EX-05/README-EX04.md	current_source
02_四论文Ownership主线/01_EdgeIM	九月产出_0917学习包已纳入	学习包与本人作答	/mnt/d/MyResearch/MAS_Safety_Project/learning/training/lu-edgeim-algo1/EX-05/answ-ex04.md	2026-09-13 07:50:53.889665300 -0700	6050	3b9f4ac7b99937f066d9a002a79f330c1682cf242c688a9a13736cd867d73920	02_四论文Ownership主线/01_EdgeIM/学习与课程/EX-05/answ-ex04.md	current_source
02_四论文Ownership主线/01_EdgeIM	九月产出_0917学习包已纳入	学习包与本人作答	/mnt/d/MyResearch/MAS_Safety_Project/learning/training/lu-edgeim-algo1/EX-06/README-EX06.md	2026-09-13 06:11:21.156528300 -0700	10495	aa38ed7ea1e8173c7574269d847faac745f9d75cf907586fa59161b72dce9029	02_四论文Ownership主线/01_EdgeIM/学习与课程/EX-06/README-EX06.md	current_source
02_四论文Ownership主线/00_共享合同_计划_验收	九月产出_0917学习包已纳入	学习包与本人作答	/mnt/d/MyResearch/MAS_Safety_Project/learning/training/lu-edgeim-algo1/ownership-v3/BUILD_STATUS.md	2026-09-13 03:31:33.047891300 -0700	3209	a945e30140650e8f7fdfc2900ad8db8a6dda67a010fd09a2fbedbb2e548e3c92	02_四论文Ownership主线/00_共享合同_计划_验收/学习与课程/ownership-v3/BUILD_STATUS.md	current_source
02_四论文Ownership主线/04_CrossEdgeIM	九月产出_0917学习包已纳入	学习包与本人作答	/mnt/d/MyResearch/MAS_Safety_Project/learning/training/lu-edgeim-algo1/ownership-v3/crossedgeim/P0-P3/README.md	2026-09-13 03:30:20.490451100 -0700	1684	b2708748e732283e3ed245ac690d6ad3cb1f8d829298222c16712c60fd44f9af	02_四论文Ownership主线/04_CrossEdgeIM/学习与课程/ownership-v3/crossedgeim/P0-P3/README.md	current_source
02_四论文Ownership主线/03_GroundTruth_Sommers	九月产出_0917学习包已纳入	学习包与本人作答	/mnt/d/MyResearch/MAS_Safety_Project/learning/training/lu-edgeim-algo1/ownership-v3/ground-truth/P0-P3/README.md	2026-09-13 03:30:20.392183600 -0700	1522	352373e09be02a0d8da52716c407f92d7a8b56a7706bea00526f5cc1b1f1faa8	02_四论文Ownership主线/03_GroundTruth_Sommers/学习与课程/ownership-v3/ground-truth/P0-P3/README.md	current_source
02_四论文Ownership主线/01_EdgeIM	九月产出_0917学习包已纳入	学习包与本人作答	/mnt/d/MyResearch/MAS_Safety_Project/learning/training/lu-edgeim-algo1/ownership-v3/edgeim/B-DEFENSE/README.md	2026-09-13 03:30:19.707429800 -0700	1059	fa589415323752bba37a20dcc21ed118e491754ca5e9ade0116a2feb5f11aa17	02_四论文Ownership主线/01_EdgeIM/学习与课程/ownership-v3/edgeim/B-DEFENSE/README.md	current_source
02_四论文Ownership主线/01_EdgeIM	九月产出_0917学习包已纳入	学习包与本人作答	/mnt/d/MyResearch/MAS_Safety_Project/learning/training/lu-edgeim-algo1/ownership-v3/edgeim/B-EVAL/README.md	2026-09-13 03:30:19.565523500 -0700	1249	98b1fe3b107aa33c7c2c9dc03ef0eb7370360d57341753f069922fecd8d191cb	02_四论文Ownership主线/01_EdgeIM/学习与课程/ownership-v3/edgeim/B-EVAL/README.md	current_source
02_四论文Ownership主线/01_EdgeIM	九月产出_0917学习包已纳入	学习包与本人作答	/mnt/d/MyResearch/MAS_Safety_Project/learning/training/lu-edgeim-algo1/ownership-v3/edgeim/B-S3B/README.md	2026-09-13 03:30:19.459242400 -0700	1421	c506ba48b924ed60a959340953d06ff2c71608d33708a54241ff965b70f51058	02_四论文Ownership主线/01_EdgeIM/学习与课程/ownership-v3/edgeim/B-S3B/README.md	current_source
02_四论文Ownership主线/01_EdgeIM	九月产出_0917学习包已纳入	学习包与本人作答	/mnt/d/MyResearch/MAS_Safety_Project/learning/training/lu-edgeim-algo1/ownership-v3/edgeim/B-S3A/README.md	2026-09-13 03:30:19.355668300 -0700	1179	dc181d1e3a8a5553b7b9570f967d30b89877f49ac39b5a570ccb1699500a1874	02_四论文Ownership主线/01_EdgeIM/学习与课程/ownership-v3/edgeim/B-S3A/README.md	current_source
02_四论文Ownership主线/01_EdgeIM	九月产出_0917学习包已纳入	学习包与本人作答	/mnt/d/MyResearch/MAS_Safety_Project/learning/training/lu-edgeim-algo1/ownership-v3/edgeim/B-S2/README.md	2026-09-13 03:30:19.249861500 -0700	1691	4afd409fe073bbc71e09b8fb63af1db3c65071d9a07d40d2516d761fa054a2ca	02_四论文Ownership主线/01_EdgeIM/学习与课程/ownership-v3/edgeim/B-S2/README.md	current_source
02_四论文Ownership主线/02_sigRank	九月产出_0917学习包已纳入	学习包与本人作答	/mnt/d/MyResearch/MAS_Safety_Project/learning/training/lu-edgeim-algo1/ownership-v3/sigrank/P0-P3/README.md	2026-09-13 03:30:19.051002400 -0700	2076	9239a57445f9627b5e245301840af342a05e1b21bc9b0395463596bb98ec1c7d	02_四论文Ownership主线/02_sigRank/学习与课程/ownership-v3/sigrank/P0-P3/README.md	current_source
02_四论文Ownership主线/04_CrossEdgeIM	九月产出_0917学习包已纳入	学习包与本人作答	/mnt/d/MyResearch/MAS_Safety_Project/learning/training/lu-edgeim-algo1/ownership-v3/crossedgeim/COVERAGE_MATRIX.md	2026-09-13 03:21:42.478874500 -0700	3626	43c5168650c044d0f614eed38b0aeb7f2d6d2ab1129df5c89111a2234c828dae	02_四论文Ownership主线/04_CrossEdgeIM/学习与课程/ownership-v3/crossedgeim/COVERAGE_MATRIX.md	current_source
02_四论文Ownership主线/03_GroundTruth_Sommers	九月产出_0917学习包已纳入	学习包与本人作答	/mnt/d/MyResearch/MAS_Safety_Project/learning/training/lu-edgeim-algo1/ownership-v3/ground-truth/COVERAGE_MATRIX.md	2026-09-13 03:20:41.430291000 -0700	3788	57451660d8a65b82379df27a72bee25718f542e6d16c73cb71cca2a20e258cfa	02_四论文Ownership主线/03_GroundTruth_Sommers/学习与课程/ownership-v3/ground-truth/COVERAGE_MATRIX.md	current_source
02_四论文Ownership主线/02_sigRank	九月产出_0917学习包已纳入	学习包与本人作答	/mnt/d/MyResearch/MAS_Safety_Project/learning/training/lu-edgeim-algo1/ownership-v3/sigrank/COVERAGE_MATRIX.md	2026-09-13 03:19:11.556577000 -0700	3366	cf7263cb4d38efc08406a0133293b1374b3fbe06b2f9f99830909cabbaf9ad26	02_四论文Ownership主线/02_sigRank/学习与课程/ownership-v3/sigrank/COVERAGE_MATRIX.md	current_source
02_四论文Ownership主线/01_EdgeIM	九月产出_0917学习包已纳入	学习包与本人作答	/mnt/d/MyResearch/MAS_Safety_Project/learning/training/lu-edgeim-algo1/ownership-v3/edgeim/COVERAGE_MATRIX.md	2026-09-13 03:18:16.537196900 -0700	4757	4ffd43972b817e775cb07ccc98e0bc799909f2baa4c6d4fd16fbba51bb2693f0	02_四论文Ownership主线/01_EdgeIM/学习与课程/ownership-v3/edgeim/COVERAGE_MATRIX.md	current_source
02_四论文Ownership主线/01_EdgeIM	九月产出_0917学习包已纳入	学习包与本人作答	/mnt/d/MyResearch/MAS_Safety_Project/learning/training/lu-edgeim-algo1/ownership-v3/edgeim/B-EVAL/TRAINING_FIXTURE.md	2026-09-13 03:17:12.643347700 -0700	822	89e2e06d2c5dc8a739c981ae87076ed696522172aa15874aae1966db3aa713c9	02_四论文Ownership主线/01_EdgeIM/学习与课程/ownership-v3/edgeim/B-EVAL/TRAINING_FIXTURE.md	current_source
02_四论文Ownership主线/01_EdgeIM	九月产出_0917学习包已纳入	学习包与本人作答	/mnt/d/MyResearch/MAS_Safety_Project/learning/training/lu-edgeim-algo1/ownership-v3/edgeim/B-EVAL/RUBRIC.md	2026-09-13 03:17:12.626390600 -0700	2762	b566a668b00008ac0aa8cada7a0ef520bded10ced4f382fdc736292b2ad8ffe4	02_四论文Ownership主线/01_EdgeIM/学习与课程/ownership-v3/edgeim/B-EVAL/RUBRIC.md	current_source
02_四论文Ownership主线/01_EdgeIM	九月产出_0917学习包已纳入	学习包与本人作答	/mnt/d/MyResearch/MAS_Safety_Project/learning/training/lu-edgeim-algo1/ownership-v3/edgeim/B-S2/BUILD_RECEIPT.md	2026-09-13 02:58:01.306590900 -0700	685	83942263591d5ef6347b6db395105590a5f137e94560ead4e79b6ef47c675779	02_四论文Ownership主线/01_EdgeIM/学习与课程/ownership-v3/edgeim/B-S2/BUILD_RECEIPT.md	current_source
02_四论文Ownership主线/00_共享合同_计划_验收	九月产出_0917学习包已纳入	学习包与本人作答	/mnt/d/MyResearch/MAS_Safety_Project/learning/training/lu-edgeim-algo1/ownership-v3/SOURCE_REGISTER.md	2026-09-13 02:58:01.176587700 -0700	3557	c83fcf96d3d28b7902bd68e3c11a133453232443198d22fe0a5c3786547d1be8	02_四论文Ownership主线/00_共享合同_计划_验收/学习与课程/ownership-v3/SOURCE_REGISTER.md	current_source
02_四论文Ownership主线/04_CrossEdgeIM	九月产出_0917学习包已纳入	学习包与本人作答	/mnt/d/MyResearch/MAS_Safety_Project/learning/training/lu-edgeim-algo1/ownership-v3/crossedgeim/P0-P3/BUILD_RECEIPT.md	2026-09-13 02:52:00.427028500 -0700	1015	da73e818b1924f7be0018e66809a6a42537a38fa76722290c55e4c76b2a5f9e9	02_四论文Ownership主线/04_CrossEdgeIM/学习与课程/ownership-v3/crossedgeim/P0-P3/BUILD_RECEIPT.md	current_source
02_四论文Ownership主线/03_GroundTruth_Sommers	九月产出_0917学习包已纳入	学习包与本人作答	/mnt/d/MyResearch/MAS_Safety_Project/learning/training/lu-edgeim-algo1/ownership-v3/ground-truth/P0-P3/BUILD_RECEIPT.md	2026-09-13 02:52:00.419080600 -0700	942	619df11a02cab15b582628caa9c5739e3eea73b84b32677a2e10cd2a5f65a482	02_四论文Ownership主线/03_GroundTruth_Sommers/学习与课程/ownership-v3/ground-truth/P0-P3/BUILD_RECEIPT.md	current_source
02_四论文Ownership主线/02_sigRank	九月产出_0917学习包已纳入	学习包与本人作答	/mnt/d/MyResearch/MAS_Safety_Project/learning/training/lu-edgeim-algo1/ownership-v3/sigrank/P0-P3/BUILD_RECEIPT.md	2026-09-13 02:52:00.410258000 -0700	966	22f7f234a812041376e3a6d1e5530a1dcba8ec1b0a72c93d6231b7f18b6f62ac	02_四论文Ownership主线/02_sigRank/学习与课程/ownership-v3/sigrank/P0-P3/BUILD_RECEIPT.md	current_source
02_四论文Ownership主线/01_EdgeIM	九月产出_0917学习包已纳入	学习包与本人作答	/mnt/d/MyResearch/MAS_Safety_Project/learning/training/lu-edgeim-algo1/ownership-v3/edgeim/B-DEFENSE/BUILD_RECEIPT.md	2026-09-13 02:52:00.393636600 -0700	843	4abed4e9bfbb22d69cc0be364eb4369e8865614c8f5cae87cfa0016eec52a397	02_四论文Ownership主线/01_EdgeIM/学习与课程/ownership-v3/edgeim/B-DEFENSE/BUILD_RECEIPT.md	current_source
02_四论文Ownership主线/01_EdgeIM	九月产出_0917学习包已纳入	学习包与本人作答	/mnt/d/MyResearch/MAS_Safety_Project/learning/training/lu-edgeim-algo1/ownership-v3/edgeim/B-EVAL/BUILD_RECEIPT.md	2026-09-13 02:52:00.384896700 -0700	871	aa4874bc21d7a586749d9bbfae8edc0a1d9703dc2329715ba0f4cd41afd11b3e	02_四论文Ownership主线/01_EdgeIM/学习与课程/ownership-v3/edgeim/B-EVAL/BUILD_RECEIPT.md	current_source
02_四论文Ownership主线/01_EdgeIM	九月产出_0917学习包已纳入	学习包与本人作答	/mnt/d/MyResearch/MAS_Safety_Project/learning/training/lu-edgeim-algo1/ownership-v3/edgeim/B-S3B/BUILD_RECEIPT.md	2026-09-13 02:52:00.331513900 -0700	933	4e39f6658faffc6aad2682b94ad2bc1d118892962de8dd3a66e319b85ba71b26	02_四论文Ownership主线/01_EdgeIM/学习与课程/ownership-v3/edgeim/B-S3B/BUILD_RECEIPT.md	current_source
02_四论文Ownership主线/01_EdgeIM	九月产出_0917学习包已纳入	学习包与本人作答	/mnt/d/MyResearch/MAS_Safety_Project/learning/training/lu-edgeim-algo1/ownership-v3/edgeim/B-S3A/BUILD_RECEIPT.md	2026-09-13 02:52:00.322009600 -0700	782	c0897a0383da20f397056dfa9fd207a28a8c561dbfc417bdd50632139dd242c6	02_四论文Ownership主线/01_EdgeIM/学习与课程/ownership-v3/edgeim/B-S3A/BUILD_RECEIPT.md	current_source
02_四论文Ownership主线/03_GroundTruth_Sommers	九月产出_0917学习包已纳入	学习包与本人作答	/mnt/d/MyResearch/MAS_Safety_Project/learning/training/lu-edgeim-algo1/ownership-v3/ground-truth/P0-P3/TRAINING_FIXTURE.md	2026-09-13 02:20:39.648612700 -0700	1102	a32af9a1225ba01c34116315d146b83bb796bb9bcdb36542c17a202386b1499a	02_四论文Ownership主线/03_GroundTruth_Sommers/学习与课程/ownership-v3/ground-truth/P0-P3/TRAINING_FIXTURE.md	current_source
02_四论文Ownership主线/04_CrossEdgeIM	九月产出_0917学习包已纳入	学习包与本人作答	/mnt/d/MyResearch/MAS_Safety_Project/learning/training/lu-edgeim-algo1/ownership-v3/crossedgeim/P0-P3/PRETEST.md	2026-09-13 02:12:32.481851300 -0700	401	94cb94aad04df597a4ec3ed41fb2df54d70b71481211926414e47fe7fff771e9	02_四论文Ownership主线/04_CrossEdgeIM/学习与课程/ownership-v3/crossedgeim/P0-P3/PRETEST.md	current_source
02_四论文Ownership主线/03_GroundTruth_Sommers	九月产出_0917学习包已纳入	学习包与本人作答	/mnt/d/MyResearch/MAS_Safety_Project/learning/training/lu-edgeim-algo1/ownership-v3/ground-truth/P0-P3/PRETEST.md	2026-09-13 02:12:32.466031900 -0700	377	d95bf05636a538514fa949650af6d259452735934d4f81ba198122f907e5044f	02_四论文Ownership主线/03_GroundTruth_Sommers/学习与课程/ownership-v3/ground-truth/P0-P3/PRETEST.md	current_source
02_四论文Ownership主线/02_sigRank	九月产出_0917学习包已纳入	学习包与本人作答	/mnt/d/MyResearch/MAS_Safety_Project/learning/training/lu-edgeim-algo1/ownership-v3/sigrank/P0-P3/PRETEST.md	2026-09-13 02:12:32.453180600 -0700	418	3514e7679a594bf26583ab61fb48aad4d721d55ec8f3355c44d163d77b8a57e7	02_四论文Ownership主线/02_sigRank/学习与课程/ownership-v3/sigrank/P0-P3/PRETEST.md	current_source
02_四论文Ownership主线/01_EdgeIM	九月产出_0917学习包已纳入	学习包与本人作答	/mnt/d/MyResearch/MAS_Safety_Project/learning/training/lu-edgeim-algo1/ownership-v3/edgeim/B-DEFENSE/PRETEST.md	2026-09-13 02:12:32.430729900 -0700	326	0bcbc8e14244e1da2800fe417aee6f7118833df9e27469aa0a1d89cedd2176b7	02_四论文Ownership主线/01_EdgeIM/学习与课程/ownership-v3/edgeim/B-DEFENSE/PRETEST.md	current_source
02_四论文Ownership主线/01_EdgeIM	九月产出_0917学习包已纳入	学习包与本人作答	/mnt/d/MyResearch/MAS_Safety_Project/learning/training/lu-edgeim-algo1/ownership-v3/edgeim/B-EVAL/PRETEST.md	2026-09-13 02:12:32.412542600 -0700	406	389e680cc6de3661dab7688ea5cf436017a87868023aa5f3015c346756939d0e	02_四论文Ownership主线/01_EdgeIM/学习与课程/ownership-v3/edgeim/B-EVAL/PRETEST.md	current_source
02_四论文Ownership主线/01_EdgeIM	九月产出_0917学习包已纳入	学习包与本人作答	/mnt/d/MyResearch/MAS_Safety_Project/learning/training/lu-edgeim-algo1/ownership-v3/edgeim/B-S3B/PRETEST.md	2026-09-13 02:12:32.396517600 -0700	396	a6949a848617802965a88d3e1922052cf8bfdde48d91b321d01666cf38f767ed	02_四论文Ownership主线/01_EdgeIM/学习与课程/ownership-v3/edgeim/B-S3B/PRETEST.md	current_source
02_四论文Ownership主线/01_EdgeIM	九月产出_0917学习包已纳入	学习包与本人作答	/mnt/d/MyResearch/MAS_Safety_Project/learning/training/lu-edgeim-algo1/ownership-v3/edgeim/B-S3A/PRETEST.md	2026-09-13 02:12:32.383776500 -0700	325	8413611edb8f104a96669ecdde703bc47f9a5dd2a7505d2815cfceec84819605	02_四论文Ownership主线/01_EdgeIM/学习与课程/ownership-v3/edgeim/B-S3A/PRETEST.md	current_source
02_四论文Ownership主线/01_EdgeIM	九月产出_0917学习包已纳入	学习包与本人作答	/mnt/d/MyResearch/MAS_Safety_Project/learning/training/lu-edgeim-algo1/ownership-v3/edgeim/B-S2/PRETEST.md	2026-09-13 02:12:32.369022000 -0700	472	4b2c7f979afcb85ffcb0d2579c0861e4732862b0a7fc2554b7850be45f2fd59b	02_四论文Ownership主线/01_EdgeIM/学习与课程/ownership-v3/edgeim/B-S2/PRETEST.md	current_source
02_四论文Ownership主线/04_CrossEdgeIM	九月产出_0917学习包已纳入	学习包与本人作答	/mnt/d/MyResearch/MAS_Safety_Project/learning/training/lu-edgeim-algo1/ownership-v3/crossedgeim/P0-P3/RUBRIC.md	2026-09-13 02:12:04.833230900 -0700	1014	81ed670901818c58bcdf2741664cb95ab50d842eeec450f2e6e8d716799020e8	02_四论文Ownership主线/04_CrossEdgeIM/学习与课程/ownership-v3/crossedgeim/P0-P3/RUBRIC.md	current_source
02_四论文Ownership主线/03_GroundTruth_Sommers	九月产出_0917学习包已纳入	学习包与本人作答	/mnt/d/MyResearch/MAS_Safety_Project/learning/training/lu-edgeim-algo1/ownership-v3/ground-truth/P0-P3/RUBRIC.md	2026-09-13 02:12:04.815629200 -0700	969	69ef760c1a2dbbf071933e3c128a600253cd1a345825e1b327a7932a40ec45fa	02_四论文Ownership主线/03_GroundTruth_Sommers/学习与课程/ownership-v3/ground-truth/P0-P3/RUBRIC.md	current_source
02_四论文Ownership主线/02_sigRank	九月产出_0917学习包已纳入	学习包与本人作答	/mnt/d/MyResearch/MAS_Safety_Project/learning/training/lu-edgeim-algo1/ownership-v3/sigrank/P0-P3/RUBRIC.md	2026-09-13 02:12:04.795897900 -0700	1016	99613d3f1bbab8b752776505ba7879b4725b49868507e16b318377d96aff140c	02_四论文Ownership主线/02_sigRank/学习与课程/ownership-v3/sigrank/P0-P3/RUBRIC.md	current_source
02_四论文Ownership主线/01_EdgeIM	九月产出_0917学习包已纳入	学习包与本人作答	/mnt/d/MyResearch/MAS_Safety_Project/learning/training/lu-edgeim-algo1/ownership-v3/edgeim/B-DEFENSE/RUBRIC.md	2026-09-13 02:12:04.775881800 -0700	836	49c1b4dc75ee7ce1e365cf6d57cd6aed2b7667ab27499d6ff6572b4b2e3f14e2	02_四论文Ownership主线/01_EdgeIM/学习与课程/ownership-v3/edgeim/B-DEFENSE/RUBRIC.md	current_source
02_四论文Ownership主线/01_EdgeIM	九月产出_0917学习包已纳入	学习包与本人作答	/mnt/d/MyResearch/MAS_Safety_Project/learning/training/lu-edgeim-algo1/ownership-v3/edgeim/B-DEFENSE/TRAINING_FIXTURE.md	2026-09-13 02:12:04.753593400 -0700	762	1d52af485482d8684932ffc96bd49f65c44e812b65e653bc265ea554c9a7ba2b	02_四论文Ownership主线/01_EdgeIM/学习与课程/ownership-v3/edgeim/B-DEFENSE/TRAINING_FIXTURE.md	current_source
02_四论文Ownership主线/01_EdgeIM	九月产出_0917学习包已纳入	学习包与本人作答	/mnt/d/MyResearch/MAS_Safety_Project/learning/training/lu-edgeim-algo1/ownership-v3/edgeim/B-S3B/TRAINING_FIXTURE.md	2026-09-13 02:12:04.695882500 -0700	817	ab0472828e3bf5972b80998a88996a8d5934a7fc154dd17e78e1e34abe4b1103	02_四论文Ownership主线/01_EdgeIM/学习与课程/ownership-v3/edgeim/B-S3B/TRAINING_FIXTURE.md	current_source
02_四论文Ownership主线/00_共享合同_计划_验收	九月产出_0917学习包已纳入	学习包与本人作答	/mnt/d/MyResearch/MAS_Safety_Project/learning/training/lu-edgeim-algo1/ownership-v3/SHARED_ARTIFACTS.md	2026-09-13 02:11:42.375971000 -0700	3144	6e4649c3900b0f402abf9f36cdf23968dcdb4a9a2fb4eaf53a1c1c535cf454b8	02_四论文Ownership主线/00_共享合同_计划_验收/学习与课程/ownership-v3/SHARED_ARTIFACTS.md	current_source
02_四论文Ownership主线/00_共享合同_计划_验收	九月产出_0917学习包已纳入	学习包与本人作答	/mnt/d/MyResearch/MAS_Safety_Project/learning/training/lu-edgeim-algo1/ownership-v3/RUBRIC_COMMON.md	2026-09-13 02:11:42.321626500 -0700	1660	16db936efa861a4aa2b88710d35bf47fc28bedf069976e3eff87e323e9715814	02_四论文Ownership主线/00_共享合同_计划_验收/学习与课程/ownership-v3/RUBRIC_COMMON.md	current_source
02_四论文Ownership主线/00_共享合同_计划_验收	九月产出_0917学习包已纳入	学习包与本人作答	/mnt/d/MyResearch/MAS_Safety_Project/learning/training/lu-edgeim-algo1/ownership-v3/START_HERE.md	2026-09-13 02:11:42.293610300 -0700	3752	e71412a150b8faa22f6d1fc2ca76d0d2a9ea68841d45d0e728a3f5736f211229	02_四论文Ownership主线/00_共享合同_计划_验收/学习与课程/ownership-v3/START_HERE.md	current_source
02_四论文Ownership主线/00_共享合同_计划_验收	九月产出_0917学习包已纳入	学习包与本人作答	/mnt/d/MyResearch/MAS_Safety_Project/learning/training/lu-edgeim-algo1/ownership-v3/EVIDENCE_RECORD_TEMPLATE.md	2026-09-13 02:11:05.237060600 -0700	1155	91fd17008a776f2421209367aa74c9c23c1c69362dabc587bf5c36fa235e0338	02_四论文Ownership主线/00_共享合同_计划_验收/学习与课程/ownership-v3/EVIDENCE_RECORD_TEMPLATE.md	current_source
02_四论文Ownership主线/01_EdgeIM	九月产出_0917学习包已纳入	学习包与本人作答	/mnt/d/MyResearch/MAS_Safety_Project/learning/training/lu-edgeim-algo1/RESEARCH_MAPS.md	2026-09-13 02:05:02.412558700 -0700	20302	acf4cd16e0e566268b8fdaf58367799c5eea457487a5ca178813cc6e1b84882a	02_四论文Ownership主线/01_EdgeIM/学习与课程/RESEARCH_MAPS.md	current_source
02_四论文Ownership主线/01_EdgeIM	九月产出_0917学习包已纳入	学习包与本人作答	/mnt/d/MyResearch/MAS_Safety_Project/learning/training/lu-edgeim-algo1/EX-05/test_invariants.py	2026-09-13 02:04:38.250073000 -0700	3231	0eff7611a6f45cab213b7eb47a37ecafba540a3a6ab9ce2c555c0ef54cbeb3f0	02_四论文Ownership主线/01_EdgeIM/学习与课程/EX-05/test_invariants.py	current_source
02_四论文Ownership主线/04_CrossEdgeIM	九月产出_0917学习包已纳入	学习包与本人作答	/mnt/d/MyResearch/MAS_Safety_Project/learning/training/lu-edgeim-algo1/ownership-v3/crossedgeim/P0-P3/TRAINING_FIXTURE.md	2026-09-13 01:48:56.894027100 -0700	924	08366bcec29ca3b8ad4068610cf45b9226ec45c031bfa392d293a510cfb09fcc	02_四论文Ownership主线/04_CrossEdgeIM/学习与课程/ownership-v3/crossedgeim/P0-P3/TRAINING_FIXTURE.md	current_source
02_四论文Ownership主线/02_sigRank	九月产出_0917学习包已纳入	学习包与本人作答	/mnt/d/MyResearch/MAS_Safety_Project/learning/training/lu-edgeim-algo1/ownership-v3/sigrank/P0-P3/TRAINING_FIXTURE.md	2026-09-13 01:48:56.749997800 -0700	847	5b2205ebbf03c149f6860336c0adba16f689565bd605038eaced860d38a70291	02_四论文Ownership主线/02_sigRank/学习与课程/ownership-v3/sigrank/P0-P3/TRAINING_FIXTURE.md	current_source
02_四论文Ownership主线/01_EdgeIM	九月产出_0917学习包已纳入	学习包与本人作答	/mnt/d/MyResearch/MAS_Safety_Project/learning/training/lu-edgeim-algo1/ownership-v3/edgeim/B-S3B/RUBRIC.md	2026-09-13 01:45:39.686076200 -0700	807	f692580539debc87d1d10b08a66855f439dc3dbadf4fe9bb0e16f66b8a610c15	02_四论文Ownership主线/01_EdgeIM/学习与课程/ownership-v3/edgeim/B-S3B/RUBRIC.md	current_source
02_四论文Ownership主线/01_EdgeIM	九月产出_0917学习包已纳入	学习包与本人作答	/mnt/d/MyResearch/MAS_Safety_Project/learning/training/lu-edgeim-algo1/ownership-v3/edgeim/B-S3A/TRAINING_FIXTURE.md	2026-09-13 01:45:39.579500700 -0700	580	7bd062c5172a835ffffbf238119bcaefaae98dbe962515353f226bcd28fa918e	02_四论文Ownership主线/01_EdgeIM/学习与课程/ownership-v3/edgeim/B-S3A/TRAINING_FIXTURE.md	current_source
02_四论文Ownership主线/01_EdgeIM	九月产出_0917学习包已纳入	学习包与本人作答	/mnt/d/MyResearch/MAS_Safety_Project/learning/training/lu-edgeim-algo1/ownership-v3/edgeim/B-S3A/RUBRIC.md	2026-09-13 01:45:39.557964400 -0700	686	ae9c89eee4193041851ba57873e98e846c00cb3bb5b84720841ee5abcb5c8f8c	02_四论文Ownership主线/01_EdgeIM/学习与课程/ownership-v3/edgeim/B-S3A/RUBRIC.md	current_source
02_四论文Ownership主线/01_EdgeIM	九月产出_0917学习包已纳入	学习包与本人作答	/mnt/d/MyResearch/MAS_Safety_Project/learning/training/lu-edgeim-algo1/ownership-v3/edgeim/B-S2/TRAINING_FIXTURE.md	2026-09-13 01:45:39.478652300 -0700	784	3017c4a25565a9a1ea54c75c43da7ee9a37cc03c0dcffac1c4a5cca0d72a9a83	02_四论文Ownership主线/01_EdgeIM/学习与课程/ownership-v3/edgeim/B-S2/TRAINING_FIXTURE.md	current_source
02_四论文Ownership主线/01_EdgeIM	九月产出_0917学习包已纳入	学习包与本人作答	/mnt/d/MyResearch/MAS_Safety_Project/learning/training/lu-edgeim-algo1/ownership-v3/edgeim/B-S2/RUBRIC.md	2026-09-13 01:45:39.460592200 -0700	912	f08847fa3bbdd16029f0f88bf845c74b13881f664b0ffc0639eadf1e27e55849	02_四论文Ownership主线/01_EdgeIM/学习与课程/ownership-v3/edgeim/B-S2/RUBRIC.md	current_source
02_四论文Ownership主线/00_共享合同_计划_验收	九月新增或相关产出	任务日志	/mnt/d/MyResearch/MAS_Safety_Project/progress/task_logs/2026/09/2026-09-13__research__four-paper-full-ownership-v3-sol-contract.md	2026-09-13 00:23:08.923155500 -0700	5581	bc7c409157b63b71900dfaaa6be38725460a5d31772f814f0e1d49b6a828555e	02_四论文Ownership主线/00_共享合同_计划_验收/任务日志/2026/09/2026-09-13__research__four-paper-full-ownership-v3-sol-contract.md	current_source
02_四论文Ownership主线/00_共享合同_计划_验收	九月产出_0917学习包已纳入	计划或决策	/mnt/d/MyResearch/MAS_Safety_Project/progress/decisions/2026-09-13__research__four-paper-full-ownership-v3-sol-execution-contract.md	2026-09-13 00:23:08.909914600 -0700	23186	ed342049c4c8b7cf6170ff7b38d63337c4971084561a34bcc7120bc3b9fea2a5	02_四论文Ownership主线/00_共享合同_计划_验收/计划与决策/2026-09-13__research__four-paper-full-ownership-v3-sol-execution-contract.md	current_source
02_四论文Ownership主线/01_EdgeIM	九月产出_0917学习包已纳入	学习包与本人作答	/mnt/d/MyResearch/MAS_Safety_Project/learning/training/lu-edgeim-algo1/EX-05/takeover.md	2026-09-12T07:46:28+00:00	0	e3b0c44298fc1c149afbf4c8996fb92427ae41e4649b934ca495991b7852b855	02_四论文Ownership主线/01_EdgeIM/学习与课程/EX-05/takeover.md	2026-09-17_snapshot:/mnt/d/workspace/Desks/vaults/Research-Garden/learning/group-entry/sources/MAS_Safety_Project/learning/training/lu-edgeim-algo1/EX-05/takeover.md
02_四论文Ownership主线/00_共享合同_计划_验收	九月新增或相关产出	任务日志	/mnt/d/MyResearch/MAS_Safety_Project/progress/task_logs/2026/09/2026-09-12__research__four-paper-full-ownership-design.md	2026-09-12 19:47:18.729340400 -0700	9953	6cb073706d004e20acad1097b212e9b36d20d99a078c22f434b386fdacefea45	02_四论文Ownership主线/00_共享合同_计划_验收/任务日志/2026/09/2026-09-12__research__four-paper-full-ownership-design.md	current_source
02_四论文Ownership主线/00_共享合同_计划_验收	九月新增或相关产出	计划或决策	/mnt/d/MyResearch/MAS_Safety_Project/progress/decisions/2026-09-12__research__four-paper-full-ownership-design-for-sol.md	2026-09-12 19:46:55.659705900 -0700	29792	36242c19b59b2613f4c40a972f5457a5f443a1dd44d023914d63285268ce6dff	02_四论文Ownership主线/00_共享合同_计划_验收/计划与决策/2026-09-12__research__four-paper-full-ownership-design-for-sol.md	current_source
02_四论文Ownership主线/01_EdgeIM	九月产出_0917学习包已纳入	学习包与本人作答	/mnt/d/MyResearch/MAS_Safety_Project/learning/training/lu-edgeim-algo1/EX-07/README-EX07.md	2026-09-12 18:12:39.621752100 -0700	9555	ef80947482b86ef1b95062112d667b84450f407b366024bf72f69ae1263dfed5	02_四论文Ownership主线/01_EdgeIM/学习与课程/EX-07/README-EX07.md	current_source
02_四论文Ownership主线/01_EdgeIM	九月产出_0917学习包已纳入	学习包与本人作答	/mnt/d/MyResearch/MAS_Safety_Project/learning/training/lu-edgeim-algo1/EX-03/README-EX03.md	2026-09-12 07:20:00.664460700 -0700	9166	18ea125c6415d8ecf133b04222526fddcc5d780673fe2863e8a1210e9599f9c9	02_四论文Ownership主线/01_EdgeIM/学习与课程/EX-03/README-EX03.md	current_source
02_四论文Ownership主线/01_EdgeIM	九月产出_0917学习包已纳入	学习包与本人作答	/mnt/d/MyResearch/MAS_Safety_Project/learning/training/lu-edgeim-algo1/EX-05a/retest.py	2026-09-12 07:14:53.114791300 -0700	1155	f076ad5ae2847b77f5515e2f5927d29ffc94cdaa44fa04d010eea16c5151df3c	02_四论文Ownership主线/01_EdgeIM/学习与课程/EX-05a/retest.py	current_source
02_四论文Ownership主线/01_EdgeIM	九月产出_0917学习包已纳入	学习包与本人作答	/mnt/d/MyResearch/MAS_Safety_Project/learning/training/lu-edgeim-algo1/EX-02/ans.md	2026-09-12 07:14:52.864915400 -0700	11346	2f3e60615581f41ad7594179557b189ec89072032d75d8a4158bd7135b31b667	02_四论文Ownership主线/01_EdgeIM/学习与课程/EX-02/ans.md	current_source
01_进组总计划_OE1_材料交付/99_其他相关计划与状态	九月新增或相关产出	任务日志	/mnt/d/MyResearch/MAS_Safety_Project/progress/task_logs/2026/09/2026-09-12__learning__edgeim-ex03-app-progress-checkpoint.md	2026-09-12 07:13:11.572705200 -0700	4033	ae789f24ad29b743322033ebdd9efa71042b4658fac9a1960adbe6dd3ffde298	01_进组总计划_OE1_材料交付/99_其他相关计划与状态/任务日志/2026/09/2026-09-12__learning__edgeim-ex03-app-progress-checkpoint.md	current_source
05_科研台_学习台_工作台支撑	九月新增或相关产出	任务日志	/mnt/d/MyResearch/MAS_Safety_Project/progress/task_logs/2026/09/2026-09-12__research__three-desks-daily-recap.md	2026-09-12 06:39:09.762206200 -0700	1746	601594d4f37a96607e17df88b46f6211e5cc370c32c1419fce61b56b8ac8f270	05_科研台_学习台_工作台支撑/任务日志/2026/09/2026-09-12__research__three-desks-daily-recap.md	current_source
05_科研台_学习台_工作台支撑	九月新增或相关产出	计划或决策	/mnt/d/MyResearch/MAS_Safety_Project/progress/decisions/2026-09-12__research__three-desks-daily-recap.md	2026-09-12 06:39:09.755790800 -0700	4799	b0b543fccb449c79ef4478a4e7edf894c896df532a2693227482eeb25675fa7d	05_科研台_学习台_工作台支撑/计划与决策/2026-09-12__research__three-desks-daily-recap.md	current_source
05_科研台_学习台_工作台支撑	九月新增或相关产出	任务日志	/mnt/d/MyResearch/MAS_Safety_Project/progress/task_logs/2026/09/2026-09-12__research__knowledge-network-v0.3-vs-astra-comparison-readiness.md	2026-09-12 06:21:23.287430700 -0700	2949	bfe6a5848559174d47785da3d59b7890624c89a2cb37bdc23e69fdeb256f9d52	05_科研台_学习台_工作台支撑/任务日志/2026/09/2026-09-12__research__knowledge-network-v0.3-vs-astra-comparison-readiness.md	current_source
05_科研台_学习台_工作台支撑	九月新增或相关产出	计划或决策	/mnt/d/MyResearch/MAS_Safety_Project/progress/decisions/2026-09-12__research__knowledge-network-v0.3-vs-astra-comparison-readiness.md	2026-09-12 06:21:02.617003000 -0700	6131	92edccb1a8514a118e6c5722297ef0b2a797be15e77824eae3e153115f314b06	05_科研台_学习台_工作台支撑/计划与决策/2026-09-12__research__knowledge-network-v0.3-vs-astra-comparison-readiness.md	current_source
05_科研台_学习台_工作台支撑	九月新增或相关产出	任务日志	/mnt/d/MyResearch/MAS_Safety_Project/progress/task_logs/2026/09/2026-09-12__learning__correction-notebooks-and-growth.md	2026-09-12 06:12:25.057257800 -0700	1979	80c570d2ea1bdc0eb1743d53c976b1711ee2d77bac1006e0b71055107e28244b	05_科研台_学习台_工作台支撑/任务日志/2026/09/2026-09-12__learning__correction-notebooks-and-growth.md	current_source
05_科研台_学习台_工作台支撑	九月新增或相关产出	计划或决策	/mnt/d/MyResearch/MAS_Safety_Project/progress/decisions/2026-09-12__learning__correction-notebooks-and-growth-v0.1.md	2026-09-12 06:12:25.053257000 -0700	12022	1e27c659de75dd0d1e3f727d1e4b0f6d21ce2696cf338faeded3d395707f32cb	05_科研台_学习台_工作台支撑/计划与决策/2026-09-12__learning__correction-notebooks-and-growth-v0.1.md	current_source
02_四论文Ownership主线/01_EdgeIM	九月产出_0917学习包已纳入	学习包与本人作答	/mnt/d/MyResearch/MAS_Safety_Project/learning/training/lu-edgeim-algo1/EX-03/task4.py	2026-09-11 23:11:22.340855300 -0700	85	e26b278ee7496a535b2986f2d0a62c39584ff95ef6426d88bf6843f7958b0ebc	02_四论文Ownership主线/01_EdgeIM/学习与课程/EX-03/task4.py	current_source
05_科研台_学习台_工作台支撑	九月新增或相关产出	任务日志	/mnt/d/MyResearch/MAS_Safety_Project/progress/task_logs/2026/09/2026-09-11__research__knowledge-network-scenarios-astra.md	2026-09-11 21:17:26.867606200 -0700	3407	bea0b3bbe01833a0f19fffc83ade99b7edfa5b854e61fd269f01270d5a5d888a	05_科研台_学习台_工作台支撑/任务日志/2026/09/2026-09-11__research__knowledge-network-scenarios-astra.md	current_source
05_科研台_学习台_工作台支撑	九月新增或相关产出	计划或决策	/mnt/d/MyResearch/MAS_Safety_Project/progress/decisions/2026-09-11__research__learning-feedback-xiaoman-reference-note.md	2026-09-11 21:17:26.850494600 -0700	6769	3816ec4a34b75227fb82576f5d314a6a5f0ef85c911cb1db8fb3c8ee6893b480	05_科研台_学习台_工作台支撑/计划与决策/2026-09-11__research__learning-feedback-xiaoman-reference-note.md	current_source
05_科研台_学习台_工作台支撑	九月新增或相关产出	计划或决策	/mnt/d/MyResearch/MAS_Safety_Project/progress/decisions/2026-09-11__research__knowledge-network-scenarios-astra-v0.1.md	2026-09-11 20:40:12.148919800 -0700	19922	6cb873cfcf58b4284a0a70a535f86b8dd4767abcac75fcf3ae19fec5681c0947	05_科研台_学习台_工作台支撑/计划与决策/2026-09-11__research__knowledge-network-scenarios-astra-v0.1.md	current_source
05_科研台_学习台_工作台支撑	九月新增或相关产出	任务日志	/mnt/d/MyResearch/MAS_Safety_Project/progress/task_logs/2026/09/2026-09-11__research__knowledge-network-architecture-scenarios-v0.3.md	2026-09-11 20:15:17.302100700 -0700	4698	1abbb5d25c7b3f62a8ba86651a86f56d8ced6ae45fcdbfa1764ab1011ba5c47f	05_科研台_学习台_工作台支撑/任务日志/2026/09/2026-09-11__research__knowledge-network-architecture-scenarios-v0.3.md	current_source
05_科研台_学习台_工作台支撑	九月新增或相关产出	计划或决策	/mnt/d/MyResearch/MAS_Safety_Project/progress/decisions/2026-09-11__research__knowledge-network-architecture-v0.3-scenarios.md	2026-09-11 20:13:55.019224900 -0700	14016	37e609a090d2c824e830a11e09391b58de7f7c581848fe20412c3434e4aa7d69	05_科研台_学习台_工作台支撑/计划与决策/2026-09-11__research__knowledge-network-architecture-v0.3-scenarios.md	current_source
05_科研台_学习台_工作台支撑	九月新增或相关产出	任务日志	/mnt/d/MyResearch/MAS_Safety_Project/progress/task_logs/2026/09/2026-09-11__research__knowledge-network-architecture-integration-v0.2.md	2026-09-11 19:40:24.277797500 -0700	3364	5e362bc0d4f2404efc0a9375cc89dbdf03a233c7bd0c73c340b85ed71a6b56d6	05_科研台_学习台_工作台支撑/任务日志/2026/09/2026-09-11__research__knowledge-network-architecture-integration-v0.2.md	current_source
05_科研台_学习台_工作台支撑	九月新增或相关产出	计划或决策	/mnt/d/MyResearch/MAS_Safety_Project/progress/decisions/2026-09-11__research__knowledge-network-architecture-v0.2.md	2026-09-11 19:39:14.736053400 -0700	13514	87826966d7a0111977278aba02e2d7fbbc3f5fb84bfa5ec5c99e92bd108f0f63	05_科研台_学习台_工作台支撑/计划与决策/2026-09-11__research__knowledge-network-architecture-v0.2.md	current_source
05_科研台_学习台_工作台支撑	九月新增或相关产出	计划或决策	/mnt/d/MyResearch/MAS_Safety_Project/progress/decisions/2026-09-11__research__knowledge-network-architecture-v0.1.md	2026-09-11 08:42:45.348126900 -0700	5756	5bccf50cdc2385fced73baa6b187255891789d8b030ff45e10298ad02bebc06f	05_科研台_学习台_工作台支撑/计划与决策/2026-09-11__research__knowledge-network-architecture-v0.1.md	current_source
01_进组总计划_OE1_材料交付/99_其他相关计划与状态	九月新增或相关产出	其他相关产出	/mnt/d/MyResearch/MAS_Safety_Project/progress/CHANGELOG.md	2026-09-11 08:04:31.220039800 -0700	103442	ed0cb617da88b70cc6c7a4f5de563943109b367bee5a1d8afda2f698c7e38ee7	01_进组总计划_OE1_材料交付/99_其他相关计划与状态/其他/progress/CHANGELOG.md	current_source
05_科研台_学习台_工作台支撑	九月新增或相关产出	计划或决策	/mnt/d/MyResearch/MAS_Safety_Project/progress/decisions/rd2-construction-v0.3/sol-delivery/20260911-sol-c03-113925/USAGE.md	2026-09-11 08:04:31.200801300 -0700	2747	91fd23fc40ae1121743a56e95cfeef1d193860c040847b9056ef0a2d440d9e92	05_科研台_学习台_工作台支撑/计划与决策/rd2-construction-v0.3/sol-delivery/20260911-sol-c03-113925/USAGE.md	current_source
05_科研台_学习台_工作台支撑	九月新增或相关产出	计划或决策	/mnt/d/MyResearch/MAS_Safety_Project/progress/decisions/rd2-construction-v0.3/sol-delivery/20260911-sol-c03-113925/CONTROLLER_REVIEW.md	2026-09-11 08:04:31.183230500 -0700	2695	18297860c035a48e16822e67c499408b45996075b7b867a3a500c846eb56ec08	05_科研台_学习台_工作台支撑/计划与决策/rd2-construction-v0.3/sol-delivery/20260911-sol-c03-113925/CONTROLLER_REVIEW.md	current_source
05_科研台_学习台_工作台支撑	九月新增或相关产出	计划或决策	/mnt/d/MyResearch/MAS_Safety_Project/progress/decisions/rd2-construction-v0.3/c03-repair/TASK-20260911-003/RECEIPT.md	2026-09-11 08:04:31.172379600 -0700	3207	729851d2e933fdb82690e1d44cf44d73497f9bf944da8adb5370b5d148f04eae	05_科研台_学习台_工作台支撑/计划与决策/rd2-construction-v0.3/c03-repair/TASK-20260911-003/RECEIPT.md	current_source
05_科研台_学习台_工作台支撑	九月新增或相关产出	任务日志	/mnt/d/MyResearch/MAS_Safety_Project/progress/task_logs/2026/09/2026-09-11__research__rd2-c03-user-experience-repair.md	2026-09-11 08:04:31.150781800 -0700	3292	02891e6b520ddb46f4b26651dffcb9922556feb4da934211923fb4c8363259a8	05_科研台_学习台_工作台支撑/任务日志/2026/09/2026-09-11__research__rd2-c03-user-experience-repair.md	current_source
05_科研台_学习台_工作台支撑	九月新增或相关产出	计划或决策	/mnt/d/MyResearch/MAS_Safety_Project/progress/decisions/rd2-construction-v0.3/SOL_START_HERE.md	2026-09-11 07:53:52.354313000 -0700	4247	008ced02aa07ffd4fc6cf882a419728ddee994f2ea012a22bdecb0c874214b07	05_科研台_学习台_工作台支撑/计划与决策/rd2-construction-v0.3/SOL_START_HERE.md	current_source
05_科研台_学习台_工作台支撑	九月新增或相关产出	计划或决策	/mnt/d/MyResearch/MAS_Safety_Project/progress/decisions/rd2-construction-v0.3/sol-delivery/20260911-sol-c03-113925/CONTRACT_DELTA.md	2026-09-11 07:53:52.309311500 -0700	3361	7a4beaaa674ab154ab294e17f98db1e80c30a8d352d26f6e8eae2b69a8b7a7f2	05_科研台_学习台_工作台支撑/计划与决策/rd2-construction-v0.3/sol-delivery/20260911-sol-c03-113925/CONTRACT_DELTA.md	current_source
05_科研台_学习台_工作台支撑	九月新增或相关产出	计划或决策	/mnt/d/MyResearch/MAS_Safety_Project/progress/decisions/rd2-construction-v0.3/ACCEPTANCE.md	2026-09-11 07:53:52.299281400 -0700	9434	a7f43d96dac03136dba9a83ceb1b8151495bca44c8b2b5863f2dd84213f4988c	05_科研台_学习台_工作台支撑/计划与决策/rd2-construction-v0.3/ACCEPTANCE.md	current_source
05_科研台_学习台_工作台支撑	九月新增或相关产出	计划或决策	/mnt/d/MyResearch/MAS_Safety_Project/progress/decisions/three-desks-v0.1/NEXT_STEP.md	2026-09-11 07:23:26.867769400 -0700	2436	4320dc530c7afa56bb55ce49c4a76cd93c0b0d0573eaebb1e9cfeb02c6ed95da	05_科研台_学习台_工作台支撑/计划与决策/three-desks-v0.1/NEXT_STEP.md	current_source
05_科研台_学习台_工作台支撑	九月新增或相关产出	任务日志	/mnt/d/MyResearch/MAS_Safety_Project/progress/task_logs/2026/09/2026-09-11__research__rd2-c00-c03-sol.md	2026-09-11 07:21:06.299109400 -0700	2657	5c3983afe385d5d19aa0b5c914dfa4a42d58cea0753e85e00340a8f352678b8b	05_科研台_学习台_工作台支撑/任务日志/2026/09/2026-09-11__research__rd2-c00-c03-sol.md	current_source
05_科研台_学习台_工作台支撑	九月新增或相关产出	计划或决策	/mnt/d/MyResearch/MAS_Safety_Project/progress/decisions/three-desks-v0.1/README.md	2026-09-11 07:21:06.290309800 -0700	12727	1445252d9b11c38f49a5d953a706a2dabaf7878f7aff2a5d54ac06d8c094bab8	05_科研台_学习台_工作台支撑/计划与决策/three-desks-v0.1/README.md	current_source
05_科研台_学习台_工作台支撑	九月新增或相关产出	计划或决策	/mnt/d/MyResearch/MAS_Safety_Project/progress/decisions/rd2-first-build-v0.2/SOL_START_HERE.md	2026-09-11 07:21:06.260322200 -0700	6909	aead1abdb8d75662677b36ed85cb8108377884f13f7c3161db9c6098eb946c7b	05_科研台_学习台_工作台支撑/计划与决策/rd2-first-build-v0.2/SOL_START_HERE.md	current_source
05_科研台_学习台_工作台支撑	九月新增或相关产出	计划或决策	/mnt/d/MyResearch/MAS_Safety_Project/progress/decisions/rd2-construction-v0.3/sol-delivery/20260911-sol-c03-113925/RECEIPT.md	2026-09-11 06:46:02.975866200 -0700	1550	4a7087bae6d9e8c9f3072ab135467ddb29925077fa14e9a62a00fbf05a183451	05_科研台_学习台_工作台支撑/计划与决策/rd2-construction-v0.3/sol-delivery/20260911-sol-c03-113925/RECEIPT.md	current_source
05_科研台_学习台_工作台支撑	九月新增或相关产出	计划或决策	/mnt/d/MyResearch/MAS_Safety_Project/progress/decisions/rd2-construction-v0.3/sol-delivery/20260911-sol-c03-113925/evidence.json	2026-09-11 06:34:27.634869100 -0700	9061	4d0ab38ebd3b77124974049afc39fedd774b3e800c23464011c011301b124fdc	05_科研台_学习台_工作台支撑/计划与决策/rd2-construction-v0.3/sol-delivery/20260911-sol-c03-113925/evidence.json	current_source
02_四论文Ownership主线/01_EdgeIM	九月产出_0917学习包已纳入	学习包与本人作答	/mnt/d/MyResearch/MAS_Safety_Project/learning/training/lu-edgeim-algo1/EX-02/README-ex02.md	2026-09-11 06:22:19.587540300 -0700	18649	0e3b0f0e0b0082510024fec1d5c9c221813896fbec7bb5a957a706e6557ee3cc	02_四论文Ownership主线/01_EdgeIM/学习与课程/EX-02/README-ex02.md	current_source
05_科研台_学习台_工作台支撑	九月新增或相关产出	计划或决策	/mnt/d/MyResearch/MAS_Safety_Project/progress/decisions/rd2-construction-v0.3/sol-delivery/20260911-sol-c03-113925/REQUIREMENT_STATUS.md	2026-09-11 05:47:26.002315200 -0700	836	07c815289923187420aaf4e37de5a59ac4845b0b1a707d61813b6eb4dc47a9d1	05_科研台_学习台_工作台支撑/计划与决策/rd2-construction-v0.3/sol-delivery/20260911-sol-c03-113925/REQUIREMENT_STATUS.md	current_source
02_四论文Ownership主线/01_EdgeIM	九月产出_0917学习包已纳入	学习包与本人作答	/mnt/d/MyResearch/MAS_Safety_Project/learning/training/lu-edgeim-algo1/EX-05a/README-EX05.md	2026-09-11 05:06:15.921791200 -0700	6982	d573287e0ac5a1b976657354342ac177b0a61cd5ee8308492e9c278bee434371	02_四论文Ownership主线/01_EdgeIM/学习与课程/EX-05a/README-EX05.md	current_source
02_四论文Ownership主线/01_EdgeIM	九月产出_0917学习包已纳入	学习包与本人作答	/mnt/d/MyResearch/MAS_Safety_Project/learning/training/lu-edgeim-algo1/EX-02/answer.py	2026-09-11 05:04:03.085404300 -0700	1894	162857a88be384768621ffce4a1241c36daa82dcb169a70791578773652d838d	02_四论文Ownership主线/01_EdgeIM/学习与课程/EX-02/answer.py	current_source
05_科研台_学习台_工作台支撑	九月新增或相关产出	任务日志	/mnt/d/MyResearch/MAS_Safety_Project/progress/task_logs/2026/09/2026-09-11__research__rd2-construction-manual-v0.3.md	2026-09-11 04:28:00.647031100 -0700	4171	03affc51b1668d69396bd04d8fa9c236d4d6c842f5a1d4c3eb4349a260dc1ea2	05_科研台_学习台_工作台支撑/任务日志/2026/09/2026-09-11__research__rd2-construction-manual-v0.3.md	current_source
05_科研台_学习台_工作台支撑	九月新增或相关产出	计划或决策	/mnt/d/MyResearch/MAS_Safety_Project/progress/decisions/rd2-construction-v0.3/TRACEABILITY.md	2026-09-11 04:28:00.619986500 -0700	5662	7f259ae406481344e5be11ee290c912b034de1936ed6b3a03a6a150026db3fa7	05_科研台_学习台_工作台支撑/计划与决策/rd2-construction-v0.3/TRACEABILITY.md	current_source
05_科研台_学习台_工作台支撑	九月新增或相关产出	计划或决策	/mnt/d/MyResearch/MAS_Safety_Project/progress/decisions/rd2-construction-v0.3/CONTRACTS.md	2026-09-11 04:26:36.054017000 -0700	6939	2a6f2c310f4fb06db6cc54e5013f1ff0ca1aa76f5f1408299939ea7ee6a6d62e	05_科研台_学习台_工作台支撑/计划与决策/rd2-construction-v0.3/CONTRACTS.md	current_source
05_科研台_学习台_工作台支撑	九月新增或相关产出	计划或决策	/mnt/d/MyResearch/MAS_Safety_Project/progress/decisions/rd2-construction-v0.3/MANUAL.md	2026-09-11 04:24:35.454699200 -0700	19260	b04358d4e09af8f4412c350accb923beb2e20d48619c5ab35192d2d33ea20158	05_科研台_学习台_工作台支撑/计划与决策/rd2-construction-v0.3/MANUAL.md	current_source
05_科研台_学习台_工作台支撑	九月新增或相关产出	任务日志	/mnt/d/MyResearch/MAS_Safety_Project/progress/task_logs/2026/09/2026-09-10__research__research-desk-navigation-mvp.md	2026-09-11 03:58:47.137264700 -0700	16122	d7225646e4db9cf64d6cb243ec0d871dbb1c6338ab9561b90f3ae7593b9ca49d	05_科研台_学习台_工作台支撑/任务日志/2026/09/2026-09-10__research__research-desk-navigation-mvp.md	current_source
05_科研台_学习台_工作台支撑	九月新增或相关产出	交接与恢复	/mnt/d/MyResearch/MAS_Safety_Project/progress/handoff/2026-09-10__map-learning-redesign__pause-handoff.md	2026-09-11 03:51:49.293458900 -0700	9350	1fbedc74e0a672162c5db55957e08a12eee5f34f01c9967a013e4cafbd05c4a9	05_科研台_学习台_工作台支撑/交接与恢复/2026-09-10__map-learning-redesign__pause-handoff.md	current_source
05_科研台_学习台_工作台支撑	九月新增或相关产出	计划或决策	/mnt/d/MyResearch/MAS_Safety_Project/progress/decisions/three-desks-v0.1/SOL_P1_EXECUTION.md	2026-09-11 03:51:04.620634400 -0700	22345	2126f929336629076aaffd375fff00f04a15e148c22917c1614d899d260aec5e	05_科研台_学习台_工作台支撑/计划与决策/three-desks-v0.1/SOL_P1_EXECUTION.md	current_source
05_科研台_学习台_工作台支撑	九月新增或相关产出	计划或决策	/mnt/d/MyResearch/MAS_Safety_Project/progress/decisions/three-desks-v0.1/sol-delivery/p1-20260910-sol/RECEIPT.md	2026-09-11 02:11:35.039694100 -0700	6606	a04d27fbab60a6f665b0b94503183122b1cb9e26edae61ae058e476bebc4c077	05_科研台_学习台_工作台支撑/计划与决策/three-desks-v0.1/sol-delivery/p1-20260910-sol/RECEIPT.md	current_source
05_科研台_学习台_工作台支撑	九月新增或相关产出	计划或决策	/mnt/d/MyResearch/MAS_Safety_Project/progress/decisions/three-desks-v0.1/sol-delivery/p1-20260910-sol/USAGE.md	2026-09-11 02:08:28.095945200 -0700	8103	2b5e94eb99382b4581555775bf51c2fad1f26b127176e6e5ac66b17e95aad9d7	05_科研台_学习台_工作台支撑/计划与决策/three-desks-v0.1/sol-delivery/p1-20260910-sol/USAGE.md	current_source
05_科研台_学习台_工作台支撑	九月新增或相关产出	计划或决策	/mnt/d/MyResearch/MAS_Safety_Project/progress/decisions/three-desks-v0.1/sol-delivery/p1-20260910-sol/CONTROLLER_ACCEPTANCE.md	2026-09-11 02:04:18.049093300 -0700	1339	8bfc2b4d6b6f1bce86c917e4502e3f8a7a0ac3fe38b1f45fa1d04f9fdf77fbc5	05_科研台_学习台_工作台支撑/计划与决策/three-desks-v0.1/sol-delivery/p1-20260910-sol/CONTROLLER_ACCEPTANCE.md	current_source
05_科研台_学习台_工作台支撑	九月新增或相关产出	计划或决策	/mnt/d/MyResearch/MAS_Safety_Project/progress/decisions/three-desks-v0.1/LEARNING.md	2026-09-10 22:21:01.421642200 -0700	9301	0a308d1b318c5ed572266fd41f1bb9e4ebb1f8365d56e6fc2060957d510a65b7	05_科研台_学习台_工作台支撑/计划与决策/three-desks-v0.1/LEARNING.md	current_source
05_科研台_学习台_工作台支撑	九月新增或相关产出	计划或决策	/mnt/d/MyResearch/MAS_Safety_Project/progress/decisions/three-desks-v0.1/WORKBENCH.md	2026-09-10 22:21:01.402598500 -0700	7685	be1590c3738381689e7350151c141a4e5e45c1e336b334ee9bbaf7bf1b4d26ac	05_科研台_学习台_工作台支撑/计划与决策/three-desks-v0.1/WORKBENCH.md	current_source
05_科研台_学习台_工作台支撑	九月新增或相关产出	计划或决策	/mnt/d/MyResearch/MAS_Safety_Project/progress/decisions/rd2-first-build-v0.2/README.md	2026-09-10 20:44:23.884040100 -0700	14754	a65478278ce18184a55ce99f5bcd8ec10902f242bb4973b29524739ee3a3c21b	05_科研台_学习台_工作台支撑/计划与决策/rd2-first-build-v0.2/README.md	current_source
05_科研台_学习台_工作台支撑	九月新增或相关产出	计划或决策	/mnt/d/MyResearch/MAS_Safety_Project/progress/decisions/rd2-first-build-v0.2/sol-delivery/b1a-20260910-sol-xhigh/CONTROLLER_ACCEPTANCE.md	2026-09-10 20:15:18.515276900 -0700	3575	d83b283e3693cdbfad4ff436288652075316132f3329b47f8d2d20611d087c77	05_科研台_学习台_工作台支撑/计划与决策/rd2-first-build-v0.2/sol-delivery/b1a-20260910-sol-xhigh/CONTROLLER_ACCEPTANCE.md	current_source
02_四论文Ownership主线/01_EdgeIM	九月产出_0917学习包已纳入	学习包与本人作答	/mnt/d/MyResearch/MAS_Safety_Project/learning/training/lu-edgeim-algo1/EX-05a/ans.md	2026-09-10 20:11:31.902589900 -0700	558	3c03fc739421a36e3d75cb03b6e35853aec20e9111b2c6c826b4e384f6f3d20f	02_四论文Ownership主线/01_EdgeIM/学习与课程/EX-05a/ans.md	current_source
05_科研台_学习台_工作台支撑	九月新增或相关产出	计划或决策	/mnt/d/MyResearch/MAS_Safety_Project/progress/decisions/rd2-first-build-v0.2/sol-delivery/b1a-20260910-sol-xhigh/RECEIPT.md	2026-09-10 20:03:15.446110400 -0700	8061	b9f4a641daacdb6fe4e4a25872837845cb7ecf6b575e5f6cf4c4f2ce83e45d70	05_科研台_学习台_工作台支撑/计划与决策/rd2-first-build-v0.2/sol-delivery/b1a-20260910-sol-xhigh/RECEIPT.md	current_source
05_科研台_学习台_工作台支撑	九月新增或相关产出	计划或决策	/mnt/d/MyResearch/MAS_Safety_Project/progress/decisions/rd2-first-build-v0.2/sol-delivery/COMPARISON.md	2026-09-10 19:53:23.678386400 -0700	4528	4fd13342b8b4f517fd9269f1d3ab2ac6baea8699ccb9a3fef75aff90a54fe0a9	05_科研台_学习台_工作台支撑/计划与决策/rd2-first-build-v0.2/sol-delivery/COMPARISON.md	current_source
05_科研台_学习台_工作台支撑	九月新增或相关产出	计划或决策	/mnt/d/MyResearch/MAS_Safety_Project/progress/decisions/rd2-first-build-v0.2/DATA_CONTRACT.md	2026-09-10 19:52:54.312626900 -0700	9419	a42d67e55ae48728578c0baebf6606debbe5c00c060117ff130b5aa49871d910	05_科研台_学习台_工作台支撑/计划与决策/rd2-first-build-v0.2/DATA_CONTRACT.md	current_source
05_科研台_学习台_工作台支撑	九月新增或相关产出	计划或决策	/mnt/d/MyResearch/MAS_Safety_Project/progress/decisions/rd2-first-build-v0.2/sol-delivery/wb1-20260910-sol-xhigh/RECEIPT.md	2026-09-10 19:07:36.006523100 -0700	5187	335d549cb965307783d5a8f04e9486d352aa2ab79e281ee039ba2bf1b361d23d	05_科研台_学习台_工作台支撑/计划与决策/rd2-first-build-v0.2/sol-delivery/wb1-20260910-sol-xhigh/RECEIPT.md	current_source
05_科研台_学习台_工作台支撑	九月新增或相关产出	计划或决策	/mnt/d/MyResearch/MAS_Safety_Project/progress/decisions/rd2-first-build-v0.2/sol-delivery/wb1-20260910-sol-xhigh/WALKTHROUGH.md	2026-09-10 19:04:23.130569500 -0700	6406	106736d7842d612dca6ffe29b8524d1630c5def61377c227bb0fdc714843894d	05_科研台_学习台_工作台支撑/计划与决策/rd2-first-build-v0.2/sol-delivery/wb1-20260910-sol-xhigh/WALKTHROUGH.md	current_source
05_科研台_学习台_工作台支撑	九月新增或相关产出	计划或决策	/mnt/d/MyResearch/MAS_Safety_Project/progress/decisions/rd2-first-build-v0.2/sol-delivery/wb1-20260910-sol-xhigh/SOURCE_MAP.md	2026-09-10 19:04:23.108495400 -0700	11917	6a35425389681d514eb0d074b1cc87389a67340f84ec9b0f204267e0c0819bd4	05_科研台_学习台_工作台支撑/计划与决策/rd2-first-build-v0.2/sol-delivery/wb1-20260910-sol-xhigh/SOURCE_MAP.md	current_source
05_科研台_学习台_工作台支撑	九月新增或相关产出	计划或决策	/mnt/d/MyResearch/MAS_Safety_Project/progress/decisions/rd2-first-build-v0.2/sol-delivery/wb1-20260910-sol/RECEIPT.md	2026-09-10 18:48:54.605010800 -0700	2919	593a05072a94a3f853f158e10458dc00132fb218ee5186f733d2c56a3a318262	05_科研台_学习台_工作台支撑/计划与决策/rd2-first-build-v0.2/sol-delivery/wb1-20260910-sol/RECEIPT.md	current_source
05_科研台_学习台_工作台支撑	九月新增或相关产出	计划或决策	/mnt/d/MyResearch/MAS_Safety_Project/progress/decisions/rd2-first-build-v0.2/sol-delivery/wb1-20260910-sol/WALKTHROUGH.md	2026-09-10 18:48:54.580519100 -0700	2434	fc4641b9bc9b0b60412d0abe61bf80011b72d26b7be661da76e267139cc7a370	05_科研台_学习台_工作台支撑/计划与决策/rd2-first-build-v0.2/sol-delivery/wb1-20260910-sol/WALKTHROUGH.md	current_source
05_科研台_学习台_工作台支撑	九月新增或相关产出	计划或决策	/mnt/d/MyResearch/MAS_Safety_Project/progress/decisions/rd2-first-build-v0.2/sol-delivery/wb1-20260910-sol/SOURCE_MAP.md	2026-09-10 18:48:54.561521400 -0700	5338	89260904d239051ad5ab5334d77fa95d29a65b4bec92eb6bdb14730157c92c84	05_科研台_学习台_工作台支撑/计划与决策/rd2-first-build-v0.2/sol-delivery/wb1-20260910-sol/SOURCE_MAP.md	current_source
05_科研台_学习台_工作台支撑	九月新增或相关产出	计划或决策	/mnt/d/MyResearch/MAS_Safety_Project/progress/decisions/2026-09-10__research__rd2-sol-luna-execution-packets.md	2026-09-10 08:03:23.219955300 -0700	10778	6e6eac5fbbcdbb0217575424ae524d089ba4e926f32c66fc6323f3a8e3260054	05_科研台_学习台_工作台支撑/计划与决策/2026-09-10__research__rd2-sol-luna-execution-packets.md	current_source
05_科研台_学习台_工作台支撑	九月新增或相关产出	计划或决策	/mnt/d/MyResearch/MAS_Safety_Project/progress/decisions/2026-09-10__research__research-desk-first-development-contract-v0.1.md	2026-09-10 08:03:23.211536700 -0700	21813	bdf4cda5bf6216270d7ebb204405049be8d912477384a84bc30b19ac5c244961	05_科研台_学习台_工作台支撑/计划与决策/2026-09-10__research__research-desk-first-development-contract-v0.1.md	current_source
05_科研台_学习台_工作台支撑	九月新增或相关产出	计划或决策	/mnt/d/MyResearch/MAS_Safety_Project/progress/decisions/rd2-first-build-v0.2/IMPLEMENTATION.md	2026-09-10 08:03:23.201592600 -0700	8629	5121c67be18e138b259a11910ca0d0477f94e6ccdcca6fb322ba49c4a37eaebc	05_科研台_学习台_工作台支撑/计划与决策/rd2-first-build-v0.2/IMPLEMENTATION.md	current_source
05_科研台_学习台_工作台支撑	九月新增或相关产出	计划或决策	/mnt/d/MyResearch/MAS_Safety_Project/progress/decisions/rd2-first-build-v0.2/REQUIREMENTS.md	2026-09-10 08:03:23.190016500 -0700	7469	4721b4ad48d9bee337452e80edaa67fc2f70a310bc10fa5057aa56c720de4010	05_科研台_学习台_工作台支撑/计划与决策/rd2-first-build-v0.2/REQUIREMENTS.md	current_source
05_科研台_学习台_工作台支撑	九月新增或相关产出	计划或决策	/mnt/d/MyResearch/MAS_Safety_Project/progress/decisions/rd2-first-build-v0.2/WORKBOOK_INTEGRATION.md	2026-09-10 08:03:23.172029300 -0700	8127	9639f61da6c697ca7ab84a39e924fbc48c0bf26af3630576f24c671950da3e4c	05_科研台_学习台_工作台支撑/计划与决策/rd2-first-build-v0.2/WORKBOOK_INTEGRATION.md	current_source
05_科研台_学习台_工作台支撑	九月新增或相关产出	计划或决策	/mnt/d/MyResearch/MAS_Safety_Project/progress/decisions/rd2-first-build-v0.2/sample.json	2026-09-10 07:54:45.981476600 -0700	4213	a1761d02e315f2419a37e96b018095152c5a83423eafd9f1e2ed07dac3b0439d	05_科研台_学习台_工作台支撑/计划与决策/rd2-first-build-v0.2/sample.json	current_source
05_科研台_学习台_工作台支撑	九月新增或相关产出	计划或决策	/mnt/d/MyResearch/MAS_Safety_Project/progress/decisions/rd2-first-build-v0.2/REFERENCE_REVIEW.md	2026-09-10 07:54:45.973047800 -0700	2761	1cacf368e1b227dfd4a3e5b9ff651ed8824d6470b48be99ac9808bc1173e308b	05_科研台_学习台_工作台支撑/计划与决策/rd2-first-build-v0.2/REFERENCE_REVIEW.md	current_source
02_四论文Ownership主线/01_EdgeIM	九月新增或相关产出	其他相关产出	/mnt/d/MyResearch/MAS_Safety_Project/learning/一些讨论.md	2026-09-10 07:16:43.203809500 -0700	231650	19de77951e06f08c0088a351c39e3cda5a0446555efa362444ad270c6816255d	02_四论文Ownership主线/01_EdgeIM/学习与课程/一些讨论.md	current_source
05_科研台_学习台_工作台支撑	九月新增或相关产出	计划或决策	/mnt/d/MyResearch/MAS_Safety_Project/progress/decisions/2026-09-10__research__map-learning-redesign-review-archive.md	2026-09-10 06:54:57.450806900 -0700	29460	e93194090670f18ff5f9f28e06b278ddcb8b1addd34e9cc10dcc7c65015041d3	05_科研台_学习台_工作台支撑/计划与决策/2026-09-10__research__map-learning-redesign-review-archive.md	current_source
05_科研台_学习台_工作台支撑	九月新增或相关产出	计划或决策	/mnt/d/MyResearch/MAS_Safety_Project/progress/decisions/2026-09-10__research__workflow-notes-and-coe-source-intake.md	2026-09-10 06:54:57.437777200 -0700	6564	3936c769f4b9296255afb7584d1bfcf95edfc41c58f518d595a9979acc69536d	05_科研台_学习台_工作台支撑/计划与决策/2026-09-10__research__workflow-notes-and-coe-source-intake.md	current_source
05_科研台_学习台_工作台支撑	九月新增或相关产出	计划或决策	/mnt/d/MyResearch/MAS_Safety_Project/progress/decisions/2026-09-10__research__research-desk-navigation-sol-execution-plan.md	2026-09-10 04:58:38.624737600 -0700	18272	b1938352d6db194fd97ca42c9be2595bed54afae24bb9a4bd40c0e5aea9482e6	05_科研台_学习台_工作台支撑/计划与决策/2026-09-10__research__research-desk-navigation-sol-execution-plan.md	current_source
01_进组总计划_OE1_材料交付/99_其他相关计划与状态	九月新增或相关产出	计划或决策	/mnt/d/MyResearch/MAS_Safety_Project/progress/decisions/2026-09-10__research__SOL_START_HERE.md	2026-09-10 04:58:27.907593400 -0700	2344	4cc597653a9e3ba45fcba639e5f13c61504ad30b235f0736c903aae45b1659b0	01_进组总计划_OE1_材料交付/99_其他相关计划与状态/计划与决策/2026-09-10__research__SOL_START_HERE.md	current_source
05_科研台_学习台_工作台支撑	九月新增或相关产出	审计与核验	/mnt/d/MyResearch/MAS_Safety_Project/progress/audits/2026/09/2026-09-08__research-inventory/09_学习科研体系运行方案与新讨论整合.md	2026-09-10 03:28:05.630815700 -0700	17292	0be9c312c7e8cdff177a3fc3b7e2081832f45cb861f0d64dc7d150701607c74c	05_科研台_学习台_工作台支撑/审计与核验/2026/09/2026-09-08__research-inventory/09_学习科研体系运行方案与新讨论整合.md	current_source
01_进组总计划_OE1_材料交付	九月新增或相关产出	任务日志	/mnt/d/MyResearch/MAS_Safety_Project/progress/task_logs/2026/09/2026-09-08__audit__research-desk-and-group-entry-inventory.md	2026-09-10 03:24:05.257762100 -0700	41689	2f053ddf4518d2102af44b9f43f7fc044c073e8111c2f2b1a897f35fd3f8e7c4	01_进组总计划_OE1_材料交付/任务日志/2026/09/2026-09-08__audit__research-desk-and-group-entry-inventory.md	current_source
05_科研台_学习台_工作台支撑	九月新增或相关产出	审计与核验	/mnt/d/MyResearch/MAS_Safety_Project/progress/audits/2026/09/2026-09-08__research-inventory/03_科研台当前版本进度_整体设计与资产详版.md	2026-09-10 03:22:00.769817000 -0700	74777	40ddaec120bef3f762fd3a961ad5874a9e7d278ef5a0e42b6c7ed2c3f93ab427	05_科研台_学习台_工作台支撑/审计与核验/2026/09/2026-09-08__research-inventory/03_科研台当前版本进度_整体设计与资产详版.md	current_source
05_科研台_学习台_工作台支撑	九月新增或相关产出	计划或决策	/mnt/d/MyResearch/MAS_Safety_Project/progress/decisions/2026-09-08__research__research-desk-construction-blueprint-v0.1.md	2026-09-10 03:22:00.745259000 -0700	11135	06d3e9658a3a78bab6b28bdc4a2973a334b189317e31243d3d3f0d04f2ea62c3	05_科研台_学习台_工作台支撑/计划与决策/2026-09-08__research__research-desk-construction-blueprint-v0.1.md	current_source
01_进组总计划_OE1_材料交付/99_其他相关计划与状态	九月新增或相关产出	计划或决策	/mnt/d/MyResearch/MAS_Safety_Project/progress/decisions/2026-09-08__research__guidance-library-integration-spec-v0.1.md	2026-09-09 06:59:01.233515900 -0700	19267	1169c12b95334c664a5883cc10ebdd5f8f99162f5c2b2160076c650da5c34cf5	01_进组总计划_OE1_材料交付/99_其他相关计划与状态/计划与决策/2026-09-08__research__guidance-library-integration-spec-v0.1.md	current_source
01_进组总计划_OE1_材料交付/99_其他相关计划与状态	九月新增或相关产出	交接与恢复	/mnt/d/MyResearch/MAS_Safety_Project/progress/handoff/2026-09-08__edgeim-learning-training-acceptance-order__pause-handoff.md	2026-09-08 08:02:45.723308400 -0700	6968	7eb749575c6adfba7f4e059ea4409b736d5e2ab318b3de22d3ab59ff6700d0ce	01_进组总计划_OE1_材料交付/99_其他相关计划与状态/交接与恢复/2026-09-08__edgeim-learning-training-acceptance-order__pause-handoff.md	current_source
05_科研台_学习台_工作台支撑	九月新增或相关产出	计划或决策	/mnt/d/MyResearch/MAS_Safety_Project/progress/decisions/2026-09-08__research__research-canvas-graph-requirements-v0.4.md	2026-09-08 07:12:23.226331500 -0700	11258	b939ee64ed92d59fb152bf8d799e76f1c83c1d1473e16cac6f2a29d65be57a32	05_科研台_学习台_工作台支撑/计划与决策/2026-09-08__research__research-canvas-graph-requirements-v0.4.md	current_source
02_四论文Ownership主线/01_EdgeIM	九月产出_0917学习包已纳入	学习包与本人作答	/mnt/d/MyResearch/MAS_Safety_Project/learning/training/lu-edgeim-algo1/EX-01/README.md	2026-09-08 06:57:26.885193300 -0700	16879	e51a56d5f16c9b93b650e54b25f6177f9d423bad0c21d3870572f2abcab1f1b7	02_四论文Ownership主线/01_EdgeIM/学习与课程/EX-01/README.md	current_source
05_科研台_学习台_工作台支撑	九月新增或相关产出	计划或决策	/mnt/d/MyResearch/MAS_Safety_Project/progress/decisions/2026-09-08__research__research-system-decoupled-design-v0.3.md	2026-09-08 06:31:30.139265300 -0700	17433	c9fd5d6be20fc223ef625f09616bb85fc420ae62a4908d0b0b22cef37e216e9d	05_科研台_学习台_工作台支撑/计划与决策/2026-09-08__research__research-system-decoupled-design-v0.3.md	current_source
05_科研台_学习台_工作台支撑	九月新增或相关产出	交接与恢复	/mnt/d/MyResearch/MAS_Safety_Project/progress/handoff/2026-09-08__research-workbench-decoupling__pause-handoff.md	2026-09-08 05:20:56.235382800 -0700	9793	d77930cc0d62d4e30f7c0bc2ab956b993f5612d2d702380c81c151628a9c3355	05_科研台_学习台_工作台支撑/交接与恢复/2026-09-08__research-workbench-decoupling__pause-handoff.md	current_source
05_科研台_学习台_工作台支撑	九月新增或相关产出	审计与核验	/mnt/d/MyResearch/MAS_Safety_Project/progress/audits/2026/09/2026-09-08__research-inventory/05_科研任务盘点与具体情况详版.md	2026-09-08 05:19:56.979037100 -0700	75135	33a728240e69e8abf31809ba876f1572c2570cf58f9c720ffa0bfaafdc01dec9	05_科研台_学习台_工作台支撑/审计与核验/2026/09/2026-09-08__research-inventory/05_科研任务盘点与具体情况详版.md	current_source
05_科研台_学习台_工作台支撑	九月新增或相关产出	审计与核验	/mnt/d/MyResearch/MAS_Safety_Project/progress/audits/2026/09/2026-09-08__research-inventory/04_待整合的学习科研体系_构想与近期任务详版.md	2026-09-08 05:19:56.960569000 -0700	40542	d84d60832be290f0e43497937fb515f70876748751f9eb8fa0ccb071440ca729	05_科研台_学习台_工作台支撑/审计与核验/2026/09/2026-09-08__research-inventory/04_待整合的学习科研体系_构想与近期任务详版.md	current_source
05_科研台_学习台_工作台支撑	九月新增或相关产出	审计与核验	/mnt/d/MyResearch/MAS_Safety_Project/progress/audits/2026/09/2026-09-08__research-inventory/sources/0907、08的讨论_用户补充原文.md	2026-09-08 05:06:03.320492400 -0700	113824	f257fee9b1da4a0429adf3091f21d087b9402eb22163864cbc3e425b6e143fbc	05_科研台_学习台_工作台支撑/审计与核验/2026/09/2026-09-08__research-inventory/sources/0907、08的讨论_用户补充原文.md	current_source
05_科研台_学习台_工作台支撑	九月新增或相关产出	计划或决策	/mnt/d/MyResearch/MAS_Safety_Project/progress/decisions/2026-09-08__research__research-desk-fusion-design.md	2026-09-08 04:50:09.773797600 -0700	22289	576cdadc800f85f7b6e2b30ab913bce783817f2bbbf6a09d80117f9a702f7404	05_科研台_学习台_工作台支撑/计划与决策/2026-09-08__research__research-desk-fusion-design.md	current_source
05_科研台_学习台_工作台支撑	九月新增或相关产出	计划或决策	/mnt/d/MyResearch/MAS_Safety_Project/progress/decisions/2026-09-05__research__independent-research-desk-design-alignment.md	2026-09-08 04:14:21.249665300 -0700	12275	74680fb6e75d1e785d520ec4d09ed6d3cb11b9b866980d830e694088d46af5e4	05_科研台_学习台_工作台支撑/计划与决策/2026-09-05__research__independent-research-desk-design-alignment.md	current_source
05_科研台_学习台_工作台支撑	九月新增或相关产出	审计与核验	/mnt/d/MyResearch/MAS_Safety_Project/progress/audits/2026/09/2026-09-08__research-inventory/08_科研台搭建审查与融合取舍.md	2026-09-08 04:14:21.232936400 -0700	12824	eb77ca6e0defb87492607e2b609be77d8c6da2ea8b2563e699b9438a4ff36455	05_科研台_学习台_工作台支撑/审计与核验/2026/09/2026-09-08__research-inventory/08_科研台搭建审查与融合取舍.md	current_source
05_科研台_学习台_工作台支撑	九月新增或相关产出	审计与核验	/mnt/d/MyResearch/MAS_Safety_Project/progress/audits/2026/09/2026-09-08__research-inventory/07_手机接续与科研台落地实施方案.md	2026-09-08 04:14:21.222086200 -0700	20623	cfa6a31e819c6cc0165a9ee6fb53ca5800b6488f1ad8b1db9aed51fb9d3db2dd	05_科研台_学习台_工作台支撑/审计与核验/2026/09/2026-09-08__research-inventory/07_手机接续与科研台落地实施方案.md	current_source
05_科研台_学习台_工作台支撑	九月新增或相关产出	手册与规则	/mnt/d/MyResearch/MAS_Safety_Project/progress/runbooks/research-desk-mobile-handoff.md	2026-09-08 03:44:30.069248200 -0700	4989	cab935142c2c21eae6575f28c2cd1df826deaf7e466d60e26398d6dc5f94e612	05_科研台_学习台_工作台支撑/手册/research-desk-mobile-handoff.md	current_source
05_科研台_学习台_工作台支撑	九月新增或相关产出	审计与核验	/mnt/d/MyResearch/MAS_Safety_Project/progress/audits/2026/09/2026-09-08__research-inventory/06_论文与AI带学_基础线及科研菌丝网整体安排.md	2026-09-08 03:44:30.019402000 -0700	28276	8754008bb78c8eb98c6389b1e934a4822397610dae867bbc21fbdb2bba0adfde	05_科研台_学习台_工作台支撑/审计与核验/2026/09/2026-09-08__research-inventory/06_论文与AI带学_基础线及科研菌丝网整体安排.md	current_source
01_进组总计划_OE1_材料交付/99_其他相关计划与状态	九月新增或相关产出	其他相关产出	/mnt/d/MyResearch/MAS_Safety_Project/progress/exports/科研台手机带学包_20260908_v0.1.zip	2026-09-08 03:43:44.868232600 -0700	21653	591da3c1697491d18282d43c5d2067071b3bbd47f3982024b0f662c7111ebaf0	01_进组总计划_OE1_材料交付/99_其他相关计划与状态/其他/progress/exports/科研台手机带学包_20260908_v0.1.zip	current_source
05_科研台_学习台_工作台支撑	九月新增或相关产出	其他相关产出	/mnt/d/MyResearch/MAS_Safety_Project/progress/exports/2026-09-08__research-desk-mobile/03_完整学习安排.md	2026-09-08 03:43:44.820666900 -0700	27876	9268dc76fceb0090214913113737845e17481b3fd7dfcbb85f994aed3fc56461	05_科研台_学习台_工作台支撑/其他/progress/exports/2026-09-08__research-desk-mobile/03_完整学习安排.md	current_source
05_科研台_学习台_工作台支撑	九月新增或相关产出	其他相关产出	/mnt/d/MyResearch/MAS_Safety_Project/progress/exports/2026-09-08__research-desk-mobile/02_带回电脑的学习记录模板.md	2026-09-08 03:40:50.911228500 -0700	3008	8daf5f7455f54153ffdadfd1772785f08b81a902e67f487af086560850a699bd	05_科研台_学习台_工作台支撑/其他/progress/exports/2026-09-08__research-desk-mobile/02_带回电脑的学习记录模板.md	current_source
05_科研台_学习台_工作台支撑	九月新增或相关产出	其他相关产出	/mnt/d/MyResearch/MAS_Safety_Project/progress/exports/2026-09-08__research-desk-mobile/01_首轮带学单元.md	2026-09-08 03:40:50.902415000 -0700	5564	a748c8d1156e7410b2d279d3be7c9212a4f90001b6a0bde37b3d56ea5c247011	05_科研台_学习台_工作台支撑/其他/progress/exports/2026-09-08__research-desk-mobile/01_首轮带学单元.md	current_source
05_科研台_学习台_工作台支撑	九月新增或相关产出	其他相关产出	/mnt/d/MyResearch/MAS_Safety_Project/progress/exports/2026-09-08__research-desk-mobile/00_手机端开始这里.md	2026-09-08 03:40:50.885881800 -0700	7064	aaac0ac2436a98c49ada2bc2d4e0ef63441b98131c1f17e104a038833d333f1e	05_科研台_学习台_工作台支撑/其他/progress/exports/2026-09-08__research-desk-mobile/00_手机端开始这里.md	current_source
01_进组总计划_OE1_材料交付	九月新增或相关产出	审计与核验	/mnt/d/MyResearch/MAS_Safety_Project/progress/audits/2026/09/2026-09-08__research-inventory/02_近期科研与进组材料清单.md	2026-09-08 02:20:53.054086700 -0700	67104	3deaa6aba249a414e1b619196543cad097a6292ac07675cf138b39771c4a702f	01_进组总计划_OE1_材料交付/审计与核验/2026/09/2026-09-08__research-inventory/02_近期科研与进组材料清单.md	current_source
01_进组总计划_OE1_材料交付	九月新增或相关产出	外部原始材料	/mnt/d/Edge下载/ChatGPT-分支_·_重构进组计划.md	2026-09-08 02:17:16.449268600 -0700	144803	424357bccefacf9075f409d5907a27071b290b29495e29cc0bed4c4f799a3c32	01_进组总计划_OE1_材料交付/外部输入/ChatGPT-分支_·_重构进组计划.md	current_source
05_科研台_学习台_工作台支撑	九月新增或相关产出	审计与核验	/mnt/d/MyResearch/MAS_Safety_Project/progress/audits/2026/09/2026-09-08__research-inventory/01_科研台全景盘点_含Map.md	2026-09-08 01:53:38.904115000 -0700	56841	e969802904a2d7a3325e9f525b42da503542f9a80b421d4aed0e6ecebc7a682f	05_科研台_学习台_工作台支撑/审计与核验/2026/09/2026-09-08__research-inventory/01_科研台全景盘点_含Map.md	current_source
05_科研台_学习台_工作台支撑	九月新增或相关产出	审计与核验	/mnt/d/MyResearch/MAS_Safety_Project/progress/audits/2026/09/2026-09-08__research-inventory/sources/Claude窗口收尾记录_原附件_20260908.txt	2026-09-08 01:53:38.845981500 -0700	9419	6b69f794ee28ec5e2a9fa934b1513e582b816be10f1426661a6939002c5d85ad	05_科研台_学习台_工作台支撑/审计与核验/2026/09/2026-09-08__research-inventory/sources/Claude窗口收尾记录_原附件_20260908.txt	current_source
03_鲁组其他论文与研究谱系/99_其他论文与盘点	九月新增或相关产出	论文原文与拆解	/mnt/d/MyResearch/MAS_Safety_Project/research/papers_lu/_盘点报告_20260908.md	2026-09-08 01:30:19.919968400 -0700	13034	a1596917ef604b5d502f6b555a2e5beee87e1c2bcd9dd62b5298f6b691261245	03_鲁组其他论文与研究谱系/99_其他论文与盘点/论文原文与拆解/_盘点报告_20260908.md	current_source
01_进组总计划_OE1_材料交付	九月新增或相关产出	外部原始材料	/mnt/d/Edge下载/ChatGPT-重构进组计划.md	2026-09-08 01:07:58.579600800 -0700	104020	12601ee062fdc539dc35af79c7cf1d053cac70d435d05156a1a56b55e9a4cedf	01_进组总计划_OE1_材料交付/外部输入/ChatGPT-重构进组计划.md	current_source
03_鲁组其他论文与研究谱系/07_Deadlock_JOS2021	九月产出_0917学习包已纳入	论文原文与拆解	/mnt/d/MyResearch/MAS_Safety_Project/research/papers_lu/teardown-joint-20260813/15b_DEADLOCK_JOS2021_kg_critique.md	2026-09-08 00:34:52.982666200 -0700	26211	6b7c8a9a72ae34c2b3bd6f125b55248282a1b001d1d331227ffeffa6a1f91951	03_鲁组其他论文与研究谱系/07_Deadlock_JOS2021/论文原文与拆解/teardown-joint-20260813/15b_DEADLOCK_JOS2021_kg_critique.md	current_source
03_鲁组其他论文与研究谱系/07_Deadlock_JOS2021	九月产出_0917学习包已纳入	论文原文与拆解	/mnt/d/MyResearch/MAS_Safety_Project/research/papers_lu/teardown-joint-20260813/15_DEADLOCK_JOS2021.md	2026-09-08 00:32:16.267020700 -0700	14121	acb1d3bfabde27f6533694f0c07c92b9892b58954a080a69f577a445ff5a17ce	03_鲁组其他论文与研究谱系/07_Deadlock_JOS2021/论文原文与拆解/teardown-joint-20260813/15_DEADLOCK_JOS2021.md	current_source
03_鲁组其他论文与研究谱系/99_其他论文与盘点	九月新增或相关产出	论文原文与拆解	/mnt/d/MyResearch/MAS_Safety_Project/research/papers_lu/pending-r-track-20260908/MANIFEST.md	2026-09-08 00:31:51.778584600 -0700	4043	1d98615ae907d0150ee2d35d1fe9e01145037230e3e25e34decbc98c727c23d9	03_鲁组其他论文与研究谱系/99_其他论文与盘点/论文原文与拆解/pending-r-track-20260908/MANIFEST.md	current_source
03_鲁组其他论文与研究谱系/07_Deadlock_JOS2021	九月新增或相关产出	论文原文与拆解	/mnt/d/MyResearch/MAS_Safety_Project/research/papers_lu/teardown-joint-20260813/_launch/pdftxt/JOS2021.txt	2026-09-08 00:29:41.128738800 -0700	90257	195e2a45d3abb25dc3cf878c2fd5540adc2361ab137b6068a2f22bd0a54fabb7	03_鲁组其他论文与研究谱系/07_Deadlock_JOS2021/论文原文与拆解/teardown-joint-20260813/_launch/pdftxt/JOS2021.txt	current_source
03_鲁组其他论文与研究谱系/07_Deadlock_JOS2021	九月产出_0917学习包已纳入	论文原文与拆解	/mnt/d/MyResearch/MAS_Safety_Project/research/papers_lu/DeadlockLockSegGraph-2021-JOS.pdf	2026-09-08 00:24:16.029062800 -0700	2097761	514198a709dfce04b43d08b797583545e968fc5824c856b04b7ccdb7a4c2c670	03_鲁组其他论文与研究谱系/07_Deadlock_JOS2021/论文原文与拆解/DeadlockLockSegGraph-2021-JOS.pdf	current_source
03_鲁组其他论文与研究谱系/07_Deadlock_JOS2021	九月新增或相关产出	论文原文与拆解	/mnt/d/MyResearch/MAS_Safety_Project/research/papers_lu/pending-r-track-20260908/DeadlockLockSegGraph-2021-JOS.pdf	2026-09-08 00:21:07.012422200 -0700	2097761	514198a709dfce04b43d08b797583545e968fc5824c856b04b7ccdb7a4c2c670	03_鲁组其他论文与研究谱系/07_Deadlock_JOS2021/论文原文与拆解/pending-r-track-20260908/DeadlockLockSegGraph-2021-JOS.pdf	current_source
03_鲁组其他论文与研究谱系/09_前沿待跟踪/05_CN119477231B	九月新增或相关产出	论文原文与拆解	/mnt/d/MyResearch/MAS_Safety_Project/research/papers_lu/pending-r-track-20260908/CN119477231B-patent-page.html	2026-09-08 00:16:05.865872000 -0700	128117	c73b6337306b39d430dae149d4cad6a99bb63cdebd348b9613c44f694f6ba3cc	03_鲁组其他论文与研究谱系/09_前沿待跟踪/05_CN119477231B/论文原文与拆解/pending-r-track-20260908/CN119477231B-patent-page.html	current_source
03_鲁组其他论文与研究谱系/09_前沿待跟踪/05_CN119477231B	九月新增或相关产出	论文原文与拆解	/mnt/d/MyResearch/MAS_Safety_Project/research/papers_lu/pending-r-track-20260908/CN119477231B-patent.pdf	2026-09-08 00:16:04.422408800 -0700	387	c0bfa5f86c476decff310c3d78e3268379efb1f857b8d090a5c6e1457e988260	03_鲁组其他论文与研究谱系/09_前沿待跟踪/05_CN119477231B/论文原文与拆解/pending-r-track-20260908/CN119477231B-patent.pdf	current_source
03_鲁组其他论文与研究谱系/09_前沿待跟踪/03_ObjectCentricConformance	九月新增或相关产出	论文原文与拆解	/mnt/d/MyResearch/MAS_Safety_Project/research/papers_lu/pending-r-track-20260908/ObjectCentricConformance-2312.08537.pdf	2026-09-08 00:06:40.830348800 -0700	518498	efd62e2215dbb20cf89e9536a2d600a258bbd96e68e8458b00f4ef1daed1ec7f	03_鲁组其他论文与研究谱系/09_前沿待跟踪/03_ObjectCentricConformance/论文原文与拆解/pending-r-track-20260908/ObjectCentricConformance-2312.08537.pdf	current_source
03_鲁组其他论文与研究谱系/09_前沿待跟踪/01_Agentproof	九月新增或相关产出	论文原文与拆解	/mnt/d/MyResearch/MAS_Safety_Project/research/papers_lu/pending-r-track-20260908/Agentproof-2603.20356.pdf	2026-09-08 00:06:38.725941500 -0700	700203	9dff38ef1396804f3c4f4d6ed471403f89b04e75336e72fe57a0be80152a23d7	03_鲁组其他论文与研究谱系/09_前沿待跟踪/01_Agentproof/论文原文与拆解/pending-r-track-20260908/Agentproof-2603.20356.pdf	current_source
03_鲁组其他论文与研究谱系/09_前沿待跟踪/02_CausalPastLogic	九月新增或相关产出	论文原文与拆解	/mnt/d/MyResearch/MAS_Safety_Project/research/papers_lu/pending-r-track-20260908/CausalPastLogic-2605.20923.pdf	2026-09-08 00:06:36.802544900 -0700	475237	2511a95c5f00a5b530a16f8044c4a2f6acadd184df26414776754311fad855f0	03_鲁组其他论文与研究谱系/09_前沿待跟踪/02_CausalPastLogic/论文原文与拆解/pending-r-track-20260908/CausalPastLogic-2605.20923.pdf	current_source
03_鲁组其他论文与研究谱系/09_前沿待跟踪/04_TraceCompiler	九月新增或相关产出	论文原文与拆解	/mnt/d/MyResearch/MAS_Safety_Project/research/papers_lu/pending-r-track-20260908/TraceCompiler-2608.02680.pdf	2026-09-08 00:06:35.166090100 -0700	1938676	9b6fb98e52df81b661faf8c8f16db666f845cc57f1678699b92cbce06b982681	03_鲁组其他论文与研究谱系/09_前沿待跟踪/04_TraceCompiler/论文原文与拆解/pending-r-track-20260908/TraceCompiler-2608.02680.pdf	current_source
01_进组总计划_OE1_材料交付	九月新增或相关产出	其他相关产出	/mnt/d/MyResearch/HANDOFF_2026-09-08__ex01-hash-status-and-ccf-youbo-intake.md	2026-09-07 23:59:22.558814000 -0700	11103	67acac4e039bf06aa63f272d9d18c0057203d324e63c9bb2cc43338571f16e99	01_进组总计划_OE1_材料交付/外层研究材料/HANDOFF_2026-09-08__ex01-hash-status-and-ccf-youbo-intake.md	current_source
01_进组总计划_OE1_材料交付	九月新增或相关产出	外部原始材料	/mnt/d/Edge下载/鲁组进组准备-执行细化-v1.0-2026-09-08 (1).md	2026-09-07 23:58:18.870310400 -0700	45957	2c71cfed0aa471fe16aaf3ab1eeb72f5d48bc8cf7b6d1df14bd0e10a0f1ba69f	01_进组总计划_OE1_材料交付/外部输入/鲁组进组准备-执行细化-v1.0-2026-09-08 (1).md	current_source
01_进组总计划_OE1_材料交付	九月新增或相关产出	外部原始材料	/mnt/d/Edge下载/第二条研究线-方向恢复与双入口试探-2026-09-08 (1).md	2026-09-07 23:58:14.463047300 -0700	19155	4a0e22920c72e9bc18757952dbab2827e3990e489006fb27fd64affb8da0a902	01_进组总计划_OE1_材料交付/外部输入/第二条研究线-方向恢复与双入口试探-2026-09-08 (1).md	current_source
01_进组总计划_OE1_材料交付	九月新增或相关产出	外部原始材料	/mnt/d/Edge下载/学习与科研体系-整合版.md	2026-09-07 23:56:58.871936700 -0700	28790	9a7cf2daaa2da72636ebb75d9a2fd53585b89e6d9d4f8e3e7f220134af7e7529	01_进组总计划_OE1_材料交付/外部输入/学习与科研体系-整合版.md	current_source
08_科研方法与长期成长材料	九月新增或相关产出	外部原始材料	/mnt/d/Alkaid/Desktop/0908最近科研/CCF优博成长.pdf	2026-09-07 08:15:38.497063500 -0700	4593865	1786d09929089cfe41e0cad5cc742b4eafe38d1763215eef77ba8e5cef109c49	08_科研方法与长期成长材料/桌面原始输入/0908最近科研/CCF优博成长.pdf	current_source
01_进组总计划_OE1_材料交付	九月新增或相关产出	外部原始材料	/mnt/d/Edge下载/学习科研规划回看与系统性科研补充-2026-09-07.md	2026-09-07 08:06:41.045082700 -0700	15723	006c0e9b0c7c0adad3af9a3f6fcc3aaac8f52ce965de10633a96eb8dcf8e00a0	01_进组总计划_OE1_材料交付/外部输入/学习科研规划回看与系统性科研补充-2026-09-07.md	current_source
08_科研方法与长期成长材料	九月新增或相关产出	外部原始材料	/mnt/d/xwechat_files/wxid_74cug3zn6dzm22_1a1d/msg/file/2026-09/ccf优博系列(1).pdf	2026-09-07 08:04:32.877148500 -0700	6631467	84bb8edf4e12026da6d8e06633764b0279e0cedd3cf3cd72414a0bf4c7d46bbe	08_科研方法与长期成长材料/微信原始材料/wxid_74cug3zn6dzm22_1a1d/msg/file/2026-09/ccf优博系列(1).pdf	current_source
08_科研方法与长期成长材料	九月新增或相关产出	外部原始材料	/mnt/d/xwechat_files/wxid_74cug3zn6dzm22_1a1d/msg/file/2026-09/CCF优博成长.docx	2026-09-07 08:02:44.912952800 -0700	87384	648501ef9d9a19b3316a2a34c024f1d6a6e29447d3b4c367355ab2eb604573f0	08_科研方法与长期成长材料/微信原始材料/wxid_74cug3zn6dzm22_1a1d/msg/file/2026-09/CCF优博成长.docx	current_source
01_进组总计划_OE1_材料交付/99_其他相关计划与状态	九月新增或相关产出	任务日志	/mnt/d/MyResearch/MAS_Safety_Project/progress/task_logs/2026/09/2026-09-06__research__edgeim-plan-rewrite-draft-and-input-review.md	2026-09-06 06:31:53.442481600 -0700	12317	3c781a39642758218af67e1ef87cce96735a88e75d9d9655e1a9a793a44cab47	01_进组总计划_OE1_材料交付/99_其他相关计划与状态/任务日志/2026/09/2026-09-06__research__edgeim-plan-rewrite-draft-and-input-review.md	current_source
01_进组总计划_OE1_材料交付	九月新增或相关产出	计划或决策	/mnt/d/MyResearch/MAS_Safety_Project/progress/decisions/2026-09-06__research__edgeim-jinzu-reconstruction-TASK-004.md	2026-09-06 06:30:40.472566800 -0700	25874	cdc1b383cf2c3b7b6cfce543f79e450e6ed4c31cf024249767fac7b2d638d10e	01_进组总计划_OE1_材料交付/计划与决策/2026-09-06__research__edgeim-jinzu-reconstruction-TASK-004.md	current_source
01_进组总计划_OE1_材料交付/99_其他相关计划与状态	九月新增或相关产出	计划或决策	/mnt/d/MyResearch/MAS_Safety_Project/progress/decisions/2026-09-06__research__edgeim-plan-rewrite-draft.md	2026-09-06 06:26:36.383821400 -0700	12144	87dfa868f7e8ceb68ffcaa25203df8165145cc782c3933996cb53742c6143d96	01_进组总计划_OE1_材料交付/99_其他相关计划与状态/计划与决策/2026-09-06__research__edgeim-plan-rewrite-draft.md	current_source
01_进组总计划_OE1_材料交付	九月新增或相关产出	论文原文与拆解	/mnt/d/MyResearch/MAS_Safety_Project/research/papers_lu/plan-rewrite-inputs-20260906/README.md	2026-09-06 06:26:36.378753900 -0700	2608	649794e3154c94cc4c014df347c48cab90404ff9b0c30cd06a010ed462c7df3b	01_进组总计划_OE1_材料交付/论文原文与拆解/plan-rewrite-inputs-20260906/README.md	current_source
01_进组总计划_OE1_材料交付	九月新增或相关产出	论文原文与拆解	/mnt/d/MyResearch/MAS_Safety_Project/research/papers_lu/plan-rewrite-inputs-20260906/notes/2026-09-06__input-review.md	2026-09-06 06:26:36.373570900 -0700	11254	721fb3e35c28d83fd05d115bf8c0cb32cae944369060b75cc5418e7f667bae68	01_进组总计划_OE1_材料交付/论文原文与拆解/plan-rewrite-inputs-20260906/notes/2026-09-06__input-review.md	current_source
01_进组总计划_OE1_材料交付	九月新增或相关产出	任务日志	/mnt/d/MyResearch/MAS_Safety_Project/progress/task_logs/2026/09/2026-09-06__research__group-entry-plan-reconstruction-checkpoint.md	2026-09-06 05:55:33.479693100 -0700	11861	3a2f8796d3e50a307298b7d3eb1264a39629696926926af6c42535f50392438e	01_进组总计划_OE1_材料交付/任务日志/2026/09/2026-09-06__research__group-entry-plan-reconstruction-checkpoint.md	current_source
01_进组总计划_OE1_材料交付	九月新增或相关产出	计划或决策	/mnt/d/MyResearch/MAS_Safety_Project/progress/decisions/2026-09-06__research__lu-sun-intersection-matrix-and-group-entry-reframe.md	2026-09-06 05:55:21.307507300 -0700	24568	3b791b0981ec9723374243225420f95632e8518d98e98ea7778cb61cc6743945	01_进组总计划_OE1_材料交付/计划与决策/2026-09-06__research__lu-sun-intersection-matrix-and-group-entry-reframe.md	current_source
01_进组总计划_OE1_材料交付/99_其他相关计划与状态	九月新增或相关产出	其他相关产出	/mnt/d/MyResearch/MAS_Safety_Project/progress/CAMPAIGNS.md	2026-09-06 05:18:04.577017400 -0700	3495	ba5f0dbf888d9d2165b67dbbbf72227d78d2515e54d68e785cdc06b6d06cbf6e	01_进组总计划_OE1_材料交付/99_其他相关计划与状态/其他/progress/CAMPAIGNS.md	current_source
02_四论文Ownership主线/01_EdgeIM	九月产出_0917学习包已纳入	学习包与本人作答	/mnt/d/MyResearch/MAS_Safety_Project/learning/training/lu-edgeim-algo1/MASTERY_GATE.md	2026-09-06 05:18:04.565339100 -0700	17197	a652fe0da1ece892733eba9b2622825cea87fc640ee5e6f10e5a3e05231f1d8f	02_四论文Ownership主线/01_EdgeIM/学习与课程/MASTERY_GATE.md	current_source
02_四论文Ownership主线/01_EdgeIM	九月产出_0917学习包已纳入	学习包与本人作答	/mnt/d/MyResearch/MAS_Safety_Project/learning/training/lu-edgeim-algo1/FOUR_PAPER_TRAINING_LOOP.md	2026-09-06 05:11:30.634557400 -0700	9737	ea55f2b73cfa80d6cfa6e442eb2e57845bda86e072e19401d26108aa92510c8a	02_四论文Ownership主线/01_EdgeIM/学习与课程/FOUR_PAPER_TRAINING_LOOP.md	current_source
01_进组总计划_OE1_材料交付	九月新增或相关产出	论文原文与拆解	/mnt/d/MyResearch/MAS_Safety_Project/research/papers_lu/plan-rewrite-inputs-20260906/inputs/杂谈，有可以参考的.txt	2026-09-06 04:57:58.123844400 -0700	277239	70b3f3942ca3c1e26f02b3604cbb16f869584d1e63950aa9a530dead67cbfa45	01_进组总计划_OE1_材料交付/论文原文与拆解/plan-rewrite-inputs-20260906/inputs/杂谈，有可以参考的.txt	current_source
01_进组总计划_OE1_材料交付	九月新增或相关产出	论文原文与拆解	/mnt/d/MyResearch/MAS_Safety_Project/research/papers_lu/plan-rewrite-inputs-20260906/inputs/更改EdgeIM学习计划和进组计划！！！.md	2026-09-06 04:57:58.113964800 -0700	19167	77e47545311f4612101ba0bae78bd740dc4ee17cfe74521937fd3d1bb151d83e	01_进组总计划_OE1_材料交付/论文原文与拆解/plan-rewrite-inputs-20260906/inputs/更改EdgeIM学习计划和进组计划！！！.md	current_source
01_进组总计划_OE1_材料交付	九月新增或相关产出	论文原文与拆解	/mnt/d/MyResearch/MAS_Safety_Project/research/papers_lu/plan-rewrite-inputs-20260906/inputs/紫占盘用途和科研菌丝网构想，进组计划方向的第一次更改（9.5），9.6有新的.md	2026-09-06 04:57:58.111956100 -0700	28223	011336cee2505b621d8a472183649e259429410e039a371da9067e8081b2179d	01_进组总计划_OE1_材料交付/论文原文与拆解/plan-rewrite-inputs-20260906/inputs/紫占盘用途和科研菌丝网构想，进组计划方向的第一次更改（9.5），9.6有新的.md	current_source
01_进组总计划_OE1_材料交付/99_其他相关计划与状态	九月新增或相关产出	任务日志	/mnt/d/MyResearch/MAS_Safety_Project/progress/task_logs/2026/09/2026-09-06__research__only-paper-session-archive.md	2026-09-06 04:27:02.936784700 -0700	1685	150437bd9d2e1af52ad34a26ae8d5ea82a2983e680f72898226d9967c2b8b91d	01_进组总计划_OE1_材料交付/99_其他相关计划与状态/任务日志/2026/09/2026-09-06__research__only-paper-session-archive.md	current_source
01_进组总计划_OE1_材料交付	九月新增或相关产出	论文原文与拆解	/mnt/d/MyResearch/MAS_Safety_Project/research/papers_lu/session-archive-20260906/README.md	2026-09-06 04:27:02.922136400 -0700	1683	f66b2e4ddd3ebb32ac2a6aa0f4eb97d08fc99471f4fd7118995b92deb4275425	01_进组总计划_OE1_材料交付/论文原文与拆解/session-archive-20260906/README.md	current_source
02_四论文Ownership主线/00_共享合同_计划_验收	九月新增或相关产出	论文原文与拆解	/mnt/d/MyResearch/MAS_Safety_Project/research/papers_lu/session-archive-20260906/ONLY_PAPER_FULL_SESSION_20260906.md	2026-09-06 04:18:34.722396200 -0700	539589	c204d276ec97187e04226c1772c132b63eadfc7a43bc6afb09f89f7f1301c381	02_四论文Ownership主线/00_共享合同_计划_验收/论文原文与拆解/session-archive-20260906/ONLY_PAPER_FULL_SESSION_20260906.md	current_source
01_进组总计划_OE1_材料交付/99_其他相关计划与状态	九月新增或相关产出	其他相关产出	/mnt/d/MyResearch/MAS_Safety_Project/progress/lines/outreach.md	2026-09-06 04:12:17.311234300 -0700	2109	ebd959c76fb705f58f28c1667ace010f1b45ebaef688b9088b20ac724e5a6a98	01_进组总计划_OE1_材料交付/99_其他相关计划与状态/其他/progress/lines/outreach.md	current_source
01_进组总计划_OE1_材料交付/99_其他相关计划与状态	九月新增或相关产出	任务日志	/mnt/d/MyResearch/MAS_Safety_Project/progress/task_logs/2026/09/2026-09-06__research__edgeim-mastery-gate-v2-redesign.md	2026-09-05 09:25:16.991205400 -0700	3823	f826d33307a1ca20c2523a73c4cf138b801d0c7f91c5646e824537c02ce5b6a2	01_进组总计划_OE1_材料交付/99_其他相关计划与状态/任务日志/2026/09/2026-09-06__research__edgeim-mastery-gate-v2-redesign.md	current_source
01_进组总计划_OE1_材料交付/99_其他相关计划与状态	九月新增或相关产出	计划或决策	/mnt/d/MyResearch/MAS_Safety_Project/progress/decisions/2026-09-05__research__edgeim-mastery-gate-and-learning-restructure.md	2026-09-05 09:24:43.307203100 -0700	16870	1a8b1e0c774c3b31d4e49a01ae5d5677d137f9a7dce46f1bc06ace6cb0a9531e	01_进组总计划_OE1_材料交付/99_其他相关计划与状态/计划与决策/2026-09-05__research__edgeim-mastery-gate-and-learning-restructure.md	current_source
01_进组总计划_OE1_材料交付/99_其他相关计划与状态	九月新增或相关产出	交接与恢复	/mnt/d/MyResearch/MAS_Safety_Project/progress/handoff/2026-09-05__edgeim-mastery-gate-rewrite__wrong-model-handoff.md	2026-09-05 08:27:21.996405800 -0700	6397	e1523d7515758b9cca67f725709c526a6b5be8bee731dd6757315d27aff92f07	01_进组总计划_OE1_材料交付/99_其他相关计划与状态/交接与恢复/2026-09-05__edgeim-mastery-gate-rewrite__wrong-model-handoff.md	current_source
05_科研台_学习台_工作台支撑	九月新增或相关产出	任务日志	/mnt/d/MyResearch/MAS_Safety_Project/progress/task_logs/2026/09/2026-09-05__research__research-desk-three-source-improvement.md	2026-09-05 07:01:15.531768700 -0700	4506	c4559478bc4b59978435b4daf2f2b337f09a9500e5357d9e2885bf504459e012	05_科研台_学习台_工作台支撑/任务日志/2026/09/2026-09-05__research__research-desk-three-source-improvement.md	current_source
05_科研台_学习台_工作台支撑	九月新增或相关产出	计划或决策	/mnt/d/MyResearch/MAS_Safety_Project/progress/decisions/2026-09-05__research__research-desk-stage0-semantic-contract.md	2026-09-05 07:01:15.520411300 -0700	7960	ec6322805eea7cae6a8ea74bdf7d4025972b33576d4846801c86495c8d09c1a0	05_科研台_学习台_工作台支撑/计划与决策/2026-09-05__research__research-desk-stage0-semantic-contract.md	current_source
05_科研台_学习台_工作台支撑	九月新增或相关产出	计划或决策	/mnt/d/MyResearch/MAS_Safety_Project/progress/decisions/2026-09-05__research__research-desk-three-source-improvement-proposal.md	2026-09-05 06:13:48.662440000 -0700	15060	104e60d145b9296857f3eddb6040f6ba94909f130d175851f5303b0cf4fb5b97	05_科研台_学习台_工作台支撑/计划与决策/2026-09-05__research__research-desk-three-source-improvement-proposal.md	current_source
02_四论文Ownership主线/01_EdgeIM	九月产出_0917学习包已纳入	学习包与本人作答	/mnt/d/MyResearch/MAS_Safety_Project/learning/training/lu-edgeim-algo1/EX-01/answer_EX_01.md	2026-09-05 02:35:30.508348700 -0700	12906	0157b3729040ca51f26d4a201193d7dc17e3155ffe652354f8cdeb0c1447c1b4	02_四论文Ownership主线/01_EdgeIM/学习与课程/EX-01/answer_EX_01.md	current_source
05_科研台_学习台_工作台支撑/原始输入	九月新增或相关产出	外部原始材料	/mnt/d/Alkaid/Desktop/工作簿1.xlsx	2026-09-05 01:50:21.755072900 -0700	8458455	d28ce510bfcc3cb00b1f0ee85d89a61b99d17d1df179a5dbee46c81fd9f52f34	05_科研台_学习台_工作台支撑/原始输入/桌面原始输入/工作簿1.xlsx	current_source
01_进组总计划_OE1_材料交付	九月新增或相关产出	外部原始材料	/mnt/d/Edge下载/研究操作符与横向迁移案例册.md	2026-09-05 00:54:43.181542400 -0700	38453	d7e8c2e826d29aca015ca00cf309ce5ec4ac8609a39a30a5d52e25e14ec36c0c	01_进组总计划_OE1_材料交付/外部输入/研究操作符与横向迁移案例册.md	current_source
01_进组总计划_OE1_材料交付	九月新增或相关产出	外部原始材料	/mnt/d/Edge下载/科研学习与训练体系-v0.1.md	2026-09-05 00:54:35.360591200 -0700	19356	e917002cca1caa9fabbb62a18d4286209e38c1f767796cb67ca105a59ae6d63d	01_进组总计划_OE1_材料交付/外部输入/科研学习与训练体系-v0.1.md	current_source
01_进组总计划_OE1_材料交付/99_其他相关计划与状态	九月新增或相关产出	交接与恢复	/mnt/d/MyResearch/MAS_Safety_Project/progress/handoff/2026-09-05__edgeim-learning-package-additive-upgrade__pause-handoff.md	2026-09-04 19:03:31.717812100 -0700	17863	6b061d1324c278684a3b8c6d4249f792981d50fb886fe5c76c2101d96a47b1e2	01_进组总计划_OE1_材料交付/99_其他相关计划与状态/交接与恢复/2026-09-05__edgeim-learning-package-additive-upgrade__pause-handoff.md	current_source
02_四论文Ownership主线/01_EdgeIM	九月产出_0917学习包已纳入	学习包与本人作答	/mnt/d/MyResearch/MAS_Safety_Project/learning/training/lu-edgeim-algo1/EX-00/README.md	2026-09-04 18:36:03.415880800 -0700	10971	694328249e3b1227ff8b89915c61003dbb70b62efeefb0d7451f31b116098fb3	02_四论文Ownership主线/01_EdgeIM/学习与课程/EX-00/README.md	current_source
02_四论文Ownership主线/01_EdgeIM	九月产出_0917学习包已纳入	学习包与本人作答	/mnt/d/MyResearch/MAS_Safety_Project/learning/training/lu-edgeim-algo1/START_HERE.md	2026-09-04 18:35:30.083028800 -0700	9692	371791b81cf2fad4cdebdf751b874306ebac62bc0e1885f375929307ec9de9e2	02_四论文Ownership主线/01_EdgeIM/学习与课程/START_HERE.md	current_source
03_鲁组其他论文与研究谱系/08_导师画像_谱系_团队	九月新增或相关产出	方法论与研究反思	/mnt/d/MyResearch/research_growth/反思与思考/2026-09-05_鲁法明研究谱系与稳定Research-Grammar.md	2026-09-04 16:39:40.601681800 -0700	31717	99c1f0a82a81147f35f59e577c450401dafdd647fa8ea8f421bbbabe22f5e462	03_鲁组其他论文与研究谱系/08_导师画像_谱系_团队/方法论与反思/反思与思考/2026-09-05_鲁法明研究谱系与稳定Research-Grammar.md	current_source
04_Bridge与迁移研究	九月新增或相关产出	方法论与研究反思	/mnt/d/MyResearch/research_growth/README.md	2026-09-04 16:39:40.587946000 -0700	4264	4b7dba1593e8cafc5b52fb36687aaae371b36ebb130e0147f4a5c0c81320457a	04_Bridge与迁移研究/方法论与反思/README.md	current_source
04_Bridge与迁移研究	九月新增或相关产出	方法论与研究反思	/mnt/d/MyResearch/research_growth/反思与思考/2026-09-05_EdgeIM四论文十字训练闭环.md	2026-09-04 16:39:40.563459900 -0700	11122	8160ec2209026baccac80da9606ebe4e75a2811ceff74204c58b1abd742fddc7	04_Bridge与迁移研究/方法论与反思/反思与思考/2026-09-05_EdgeIM四论文十字训练闭环.md	current_source
02_四论文Ownership主线/00_共享合同_计划_验收	九月新增或相关产出	任务日志	/mnt/d/MyResearch/MAS_Safety_Project/progress/task_logs/2026/09/2026-09-05__research__four-paper-cross-training-loop.md	2026-09-04 16:38:40.060609800 -0700	2899	7df9fe2f726630b396452d948616213f380adfa9388e2a053aa9cd6cda1fcdb5	02_四论文Ownership主线/00_共享合同_计划_验收/任务日志/2026/09/2026-09-05__research__four-paper-cross-training-loop.md	current_source
03_鲁组其他论文与研究谱系/08_导师画像_谱系_团队	九月新增或相关产出	任务日志	/mnt/d/MyResearch/MAS_Safety_Project/progress/task_logs/2026/09/2026-09-05__research__lu-learning-lineage-transfer-plan-delta.md	2026-09-04 16:38:40.012566100 -0700	4374	a5f5040a0febc09ddd5d5be8e27b619ca4cdf35d032d7354a1d7baa4d4e858f2	03_鲁组其他论文与研究谱系/08_导师画像_谱系_团队/任务日志/2026/09/2026-09-05__research__lu-learning-lineage-transfer-plan-delta.md	current_source
03_鲁组其他论文与研究谱系/08_导师画像_谱系_团队	九月产出_0917学习包已纳入	计划或决策	/mnt/d/MyResearch/MAS_Safety_Project/progress/decisions/2026-09-05__research__lu-learning-lineage-transfer-plan-delta.md	2026-09-04 16:38:39.902040500 -0700	11650	06fabbdae136c0e125d43e92f4ffe82707425c168b32aa126a4bfc0f5b2a23f9	03_鲁组其他论文与研究谱系/08_导师画像_谱系_团队/计划与决策/2026-09-05__research__lu-learning-lineage-transfer-plan-delta.md	current_source
02_四论文Ownership主线/01_EdgeIM	九月产出_0917学习包已纳入	学习包与本人作答	/mnt/d/MyResearch/MAS_Safety_Project/learning/training/lu-edgeim-algo1/CONNECTIONS.md	2026-09-04 16:38:39.819660500 -0700	3119	c92ea11fcdc12e2cac9d7279be8555f54cb760e2019ce4b8397dc95f5275b95d	02_四论文Ownership主线/01_EdgeIM/学习与课程/CONNECTIONS.md	current_source
03_鲁组其他论文与研究谱系/08_导师画像_谱系_团队	九月产出_0917学习包已纳入	学习包与本人作答	/mnt/d/MyResearch/MAS_Safety_Project/learning/training/ra2716-survey/BRIEF.md	2026-09-04 15:44:07.052404500 -0700	10511	2f6ec37770aa3139d605b899fd970d08d474ded54f8d05bb8def22af6660c28e	03_鲁组其他论文与研究谱系/08_导师画像_谱系_团队/学习与课程/training/ra2716-survey/BRIEF.md	current_source
04_Bridge与迁移研究	九月新增或相关产出	方法论与研究反思	/mnt/d/MyResearch/research_growth/反思与思考/2026-09-05_Execution-Structure-Intervention_研究母结构.md	2026-09-04 10:03:12.625810500 -0700	17945	9d90221f6326ba2c28be25ee8d7755be2cea95196f18a9e6b750cf131bf8b6b9	04_Bridge与迁移研究/方法论与反思/反思与思考/2026-09-05_Execution-Structure-Intervention_研究母结构.md	current_source
04_Bridge与迁移研究	九月新增或相关产出	方法论与研究反思	/mnt/d/MyResearch/research_growth/方法论/TRANSFER_CARD_TEMPLATE.md	2026-09-04 09:58:01.810259500 -0700	2640	289f8062b167a51cc35aef52f50a1f1d860d9c02af269c66a48f1fc99140fb50	04_Bridge与迁移研究/方法论与反思/方法论/TRANSFER_CARD_TEMPLATE.md	current_source
04_Bridge与迁移研究	九月新增或相关产出	方法论与研究反思	/mnt/d/MyResearch/research_growth/方法论/迁移审计协议_20260905.md	2026-09-04 09:58:01.716368200 -0700	9916	b2091aaa591a0a95edc3b7b56f531e00cf191ce13223f49c3ce9d1151efabcd6	04_Bridge与迁移研究/方法论与反思/方法论/迁移审计协议_20260905.md	current_source
04_Bridge与迁移研究	九月新增或相关产出	方法论与研究反思	/mnt/d/MyResearch/research_growth/方法论/SKILL_INDEX.md	2026-09-04 09:55:54.135378400 -0700	4870	dc5dcce892ab44889b3c18a0206cb7a4e25c5b236b08fb5210c9e79689b88329	04_Bridge与迁移研究/方法论与反思/方法论/SKILL_INDEX.md	current_source
02_四论文Ownership主线/01_EdgeIM	九月产出_0917学习包已纳入	学习包与本人作答	/mnt/d/MyResearch/MAS_Safety_Project/learning/training/lu-edgeim-algo1/RESEARCH_NOTE_TEMPLATE.md	2026-09-04 09:46:36.214420900 -0700	13414	22aab1d486df364758609a1aed512839c8c04fd207b2a3d6f7f52ec1ec892e42	02_四论文Ownership主线/01_EdgeIM/学习与课程/RESEARCH_NOTE_TEMPLATE.md	current_source
02_四论文Ownership主线/01_EdgeIM	九月产出_0917学习包已纳入	学习包与本人作答	/mnt/d/MyResearch/MAS_Safety_Project/learning/training/lu-edgeim-algo1/RESEARCH_TRAJECTORY_MAP.md	2026-09-04 09:39:40.453004800 -0700	6400	03a501580d46c12a0142289c82bc5c82d850b5950479e675381b8fde2480176f	02_四论文Ownership主线/01_EdgeIM/学习与课程/RESEARCH_TRAJECTORY_MAP.md	current_source
02_四论文Ownership主线/01_EdgeIM	九月产出_0917学习包已纳入	学习包与本人作答	/mnt/d/MyResearch/MAS_Safety_Project/learning/training/lu-edgeim-algo1/RESEARCH_IDENTITY_MAP.md	2026-09-04 09:39:40.377748100 -0700	5897	f0602dafca24908c3989f4f7f0bb9ad99912a02ad65429cd78dab8d439a79e6a	02_四论文Ownership主线/01_EdgeIM/学习与课程/RESEARCH_IDENTITY_MAP.md	current_source
02_四论文Ownership主线/01_EdgeIM	九月产出_0917学习包已纳入	学习包与本人作答	/mnt/d/MyResearch/MAS_Safety_Project/learning/training/lu-edgeim-algo1/RESEARCHER_COMPETENCY_MAP.md	2026-09-04 09:39:40.258596600 -0700	14163	c9adc85596e689568da195bd961748855c8e8fc1d5eb45482a5efb93a609b537	02_四论文Ownership主线/01_EdgeIM/学习与课程/RESEARCHER_COMPETENCY_MAP.md	current_source
02_四论文Ownership主线/01_EdgeIM	九月产出_0917学习包已纳入	学习包与本人作答	/mnt/d/MyResearch/MAS_Safety_Project/learning/training/lu-edgeim-algo1/KNOWLEDGE_MAP.md	2026-09-04 09:39:39.828418700 -0700	13608	92d8b0dfd14581033665e0bf1f196af8c1e9847c29e89ec6e13ccc2103877957	02_四论文Ownership主线/01_EdgeIM/学习与课程/KNOWLEDGE_MAP.md	current_source
04_Bridge与迁移研究	九月产出_0917学习包已纳入	其他相关产出	/mnt/d/MyResearch/MAS_Safety_Project/research/tracebridge_full_spectrum_20260830/00_control/_scratch/2026-09-03__teardown-reuse/EX-01_reading-method_3KB.md	2026-09-04 09:04:51.930888900 -0700	5840	1e36f0d36fe32da1c5b86406d4c11b60135e657c1b75fc4c91cfebc9152db5c6	04_Bridge与迁移研究/其他/research/tracebridge_full_spectrum_20260830/00_control/_scratch/2026-09-03__teardown-reuse/EX-01_reading-method_3KB.md	current_source
04_Bridge与迁移研究	九月产出_0917学习包已纳入	其他相关产出	/mnt/d/MyResearch/MAS_Safety_Project/research/tracebridge_full_spectrum_20260830/00_control/_scratch/2026-09-03__teardown-reuse/EX-01_reading-kit.md	2026-09-04 08:47:06.656994800 -0700	6768	6882717d2b26822fe802b1ddfd4b726bc042a632020d74af66b4b7dafd47f50d	04_Bridge与迁移研究/其他/research/tracebridge_full_spectrum_20260830/00_control/_scratch/2026-09-03__teardown-reuse/EX-01_reading-kit.md	current_source
02_四论文Ownership主线/01_EdgeIM	九月产出_0917学习包已纳入	学习包与本人作答	/mnt/d/MyResearch/MAS_Safety_Project/learning/training/lu-edgeim-algo1/PAPER_MAP.md	2026-09-04 08:40:17.259076600 -0700	11250	e59c1538e3e97d74e7c2658d993097457b89da2dfa224646aa5f7847b03b620b	02_四论文Ownership主线/01_EdgeIM/学习与课程/PAPER_MAP.md	current_source
02_四论文Ownership主线/01_EdgeIM	九月产出_0917学习包已纳入	学习包与本人作答	/mnt/d/MyResearch/MAS_Safety_Project/learning/training/lu-edgeim-algo1/EX-00/answer.md	2026-09-04 07:42:53.959152800 -0700	7942	e8276348749466cb0c835085312242e174351923455515aa8147d7fa048d5929	02_四论文Ownership主线/01_EdgeIM/学习与课程/EX-00/answer.md	current_source
05_科研台_学习台_工作台支撑	九月新增或相关产出	计划或决策	/mnt/d/MyResearch/MAS_Safety_Project/progress/decisions/2026-09-04__research__luo-pengsida-fusion-workbench-mount-alignment.md	2026-09-04 02:34:22.093358300 -0700	16514	708be87655183d7fecf0f9f6f98068b15170d83d1049555272ee0853dfbcd1ea	05_科研台_学习台_工作台支撑/计划与决策/2026-09-04__research__luo-pengsida-fusion-workbench-mount-alignment.md	current_source
01_进组总计划_OE1_材料交付/99_其他相关计划与状态	九月新增或相关产出	任务日志	/mnt/d/MyResearch/MAS_Safety_Project/progress/task_logs/2026/09/2026-09-04__research__luo-handbook-pdf-integration.md	2026-09-04 00:59:58.902195600 -0700	7780	54c2a64239cb82d4f90f06a118ba23ee4e30c66b66fcd619e59e3f72e317fa61	01_进组总计划_OE1_材料交付/99_其他相关计划与状态/任务日志/2026/09/2026-09-04__research__luo-handbook-pdf-integration.md	current_source
04_Bridge与迁移研究	九月新增或相关产出	方法论与研究反思	/mnt/d/MyResearch/research_growth/方法论/科研体系三源整合_20260904.md	2026-09-04 00:58:52.105097500 -0700	13394	6c0c7a47943ec6acfe8ee333f6e60dd6ff530b01452bb10444024dbef84ac8f4	04_Bridge与迁移研究/方法论与反思/方法论/科研体系三源整合_20260904.md	current_source
08_科研方法与长期成长材料/通用学习基础	九月新增或相关产出	其他相关产出	/mnt/d/MyResearch/MAS_Safety_Project/learning/methodology/RESEARCH_METHODOLOGY.md	2026-09-04 00:49:42.821332200 -0700	11556	279fbd6383d278df27577de2ed050376e952c5a31fcc9e87cc02650b77636b2c	08_科研方法与长期成长材料/通用学习基础/学习与课程/methodology/RESEARCH_METHODOLOGY.md	current_source
01_进组总计划_OE1_材料交付/99_其他相关计划与状态	九月新增或相关产出	任务日志	/mnt/d/MyResearch/MAS_Safety_Project/progress/task_logs/2026/09/2026-09-04__research__lu-edgeim-ex00-v2-reissue-and-backlog-commit.md	2026-09-04 00:38:53.290152200 -0700	9819	0fe5d09efbb25584a566dc95a5a74190899e1f0d70309199f0cd705796581dcf	01_进组总计划_OE1_材料交付/99_其他相关计划与状态/任务日志/2026/09/2026-09-04__research__lu-edgeim-ex00-v2-reissue-and-backlog-commit.md	current_source
05_科研台_学习台_工作台支撑	九月新增或相关产出	交接与恢复	/mnt/d/MyResearch/MAS_Safety_Project/progress/handoff/2026-09-04__research-system__window-handoff-snapshot.md	2026-09-03 22:59:06.006540600 -0700	9869	a6244c7eeda7e7173aa10ed1602e4c0129da3fadad9cbd8ce4bbb82e02fe7cd4	05_科研台_学习台_工作台支撑/交接与恢复/2026-09-04__research-system__window-handoff-snapshot.md	current_source
02_四论文Ownership主线/00_共享合同_计划_验收	九月产出_0917学习包已纳入	论文原文与拆解	/mnt/d/MyResearch/MAS_Safety_Project/research/papers_lu/teardown-bridge-20260904/14_VISUAL_READINGS_20260904.md	2026-09-03 17:14:21.830882300 -0700	4702	2bf91eb563f33d173f2e09ea10fb243c816993867820b36b0dbe7f6b4fd66729	02_四论文Ownership主线/00_共享合同_计划_验收/论文原文与拆解/teardown-bridge-20260904/14_VISUAL_READINGS_20260904.md	current_source
02_四论文Ownership主线/03_GroundTruth_Sommers	九月新增或相关产出	论文原文与拆解	/mnt/d/MyResearch/MAS_Safety_Project/research/papers_lu/teardown-bridge-20260904/_launch/img/sommers_t3_zoom.png	2026-09-03 17:10:36.666246500 -0700	195444	5d2f54627b72ea37c84ae43b53379a39c228acbfc21b037e3fe684381dd54405	02_四论文Ownership主线/03_GroundTruth_Sommers/论文原文与拆解/teardown-bridge-20260904/_launch/img/sommers_t3_zoom.png	current_source
02_四论文Ownership主线/03_GroundTruth_Sommers	九月新增或相关产出	论文原文与拆解	/mnt/d/MyResearch/MAS_Safety_Project/research/papers_lu/teardown-bridge-20260904/_launch/img/sommers_p26_rot_R.png	2026-09-03 17:08:16.773414500 -0700	54586	7a08f35f220987e25773708de37a579a83b08c61321a0b5af2cfcfd602898ade	02_四论文Ownership主线/03_GroundTruth_Sommers/论文原文与拆解/teardown-bridge-20260904/_launch/img/sommers_p26_rot_R.png	current_source
02_四论文Ownership主线/03_GroundTruth_Sommers	九月新增或相关产出	论文原文与拆解	/mnt/d/MyResearch/MAS_Safety_Project/research/papers_lu/teardown-bridge-20260904/_launch/img/sommers_p26_rot_L.png	2026-09-03 17:08:16.705925100 -0700	181902	3507a5ca7edc7abc1ee3869574d4c4f9cdf950fe17ead2188dfbf3616597f4df	02_四论文Ownership主线/03_GroundTruth_Sommers/论文原文与拆解/teardown-bridge-20260904/_launch/img/sommers_p26_rot_L.png	current_source
02_四论文Ownership主线/03_GroundTruth_Sommers	九月新增或相关产出	论文原文与拆解	/mnt/d/MyResearch/MAS_Safety_Project/research/papers_lu/teardown-bridge-20260904/_launch/img/sommers_p26_rot.png	2026-09-03 17:08:16.613610400 -0700	219948	0b2ccf6dcfda690ebc109abfd0349869c0c7d79ed73d1f78e36bf42e4e75347e	02_四论文Ownership主线/03_GroundTruth_Sommers/论文原文与拆解/teardown-bridge-20260904/_launch/img/sommers_p26_rot.png	current_source
02_四论文Ownership主线/03_GroundTruth_Sommers	九月新增或相关产出	论文原文与拆解	/mnt/d/MyResearch/MAS_Safety_Project/research/papers_lu/teardown-bridge-20260904/_launch/img/sommers_p26-26.png	2026-09-03 17:04:20.249073100 -0700	286741	2d4ebfdd6f70aa86fdb687615cb95da274bcacb38fd94a464941af69071ffd78	02_四论文Ownership主线/03_GroundTruth_Sommers/论文原文与拆解/teardown-bridge-20260904/_launch/img/sommers_p26-26.png	current_source
02_四论文Ownership主线/04_CrossEdgeIM	九月新增或相关产出	论文原文与拆解	/mnt/d/MyResearch/MAS_Safety_Project/research/papers_lu/teardown-bridge-20260904/_launch/img/crossedgeim_p4-000.png	2026-09-03 17:04:17.167142900 -0700	601275	3743db57be1fa6962a54c47e838d08e94dd4001a387a46ee5b272e6591111c17	02_四论文Ownership主线/04_CrossEdgeIM/论文原文与拆解/teardown-bridge-20260904/_launch/img/crossedgeim_p4-000.png	current_source
02_四论文Ownership主线/04_CrossEdgeIM	九月新增或相关产出	论文原文与拆解	/mnt/d/MyResearch/MAS_Safety_Project/research/papers_lu/teardown-bridge-20260904/_launch/img/crossedgeim_p5-000.png	2026-09-03 17:04:15.962385200 -0700	466400	4ef339d823d5c048e5fee719034f3749b7bd48dad64593914f982941a7054537	02_四论文Ownership主线/04_CrossEdgeIM/论文原文与拆解/teardown-bridge-20260904/_launch/img/crossedgeim_p5-000.png	current_source
05_科研台_学习台_工作台支撑	九月新增或相关产出	任务日志	/mnt/d/MyResearch/MAS_Safety_Project/progress/task_logs/2026/09/2026-09-04__research__research-system-overnight.md	2026-09-03 14:52:38.481293900 -0700	9186	1a0409cfc1b5d941d132549419aad464f07b437749d9057f09e3f78e3cefcc67	05_科研台_学习台_工作台支撑/任务日志/2026/09/2026-09-04__research__research-system-overnight.md	current_source
04_Bridge与迁移研究	九月产出_0917学习包已纳入	论文原文与拆解	/mnt/d/MyResearch/MAS_Safety_Project/research/papers_lu/teardown-bridge-20260904/13_BRIDGE_SYNTHESIS_20260904.md	2026-09-03 14:34:02.346252800 -0700	22853	2ecb73309a411c2537eec8b84edd8af14c3cdb3aa424bd2a333f04dfeb649358	04_Bridge与迁移研究/论文原文与拆解/teardown-bridge-20260904/13_BRIDGE_SYNTHESIS_20260904.md	current_source
02_四论文Ownership主线/03_GroundTruth_Sommers	九月产出_0917学习包已纳入	论文原文与拆解	/mnt/d/MyResearch/MAS_Safety_Project/research/papers_lu/teardown-bridge-20260904/12_SOMMERS.md	2026-09-03 14:11:01.376355900 -0700	56278	599d9ef1562206dfe70f38f193044a99915a5e3e8f4d7bfd6144ac4a3d132072	02_四论文Ownership主线/03_GroundTruth_Sommers/论文原文与拆解/teardown-bridge-20260904/12_SOMMERS.md	current_source
02_四论文Ownership主线/03_GroundTruth_Sommers	九月产出_0917学习包已纳入	论文原文与拆解	/mnt/d/MyResearch/MAS_Safety_Project/research/papers_lu/teardown-bridge-20260904/12b_SOMMERS_kg_critique.md	2026-09-03 14:01:44.051140200 -0700	26416	7b38f6fa36ac882800651fa35026c40af5b538035fb9d3ef6c60a300dd1320bb	02_四论文Ownership主线/03_GroundTruth_Sommers/论文原文与拆解/teardown-bridge-20260904/12b_SOMMERS_kg_critique.md	current_source
02_四论文Ownership主线/03_GroundTruth_Sommers	九月产出_0917学习包已纳入	论文原文与拆解	/mnt/d/MyResearch/MAS_Safety_Project/research/papers_lu/teardown-bridge-20260904/12_SOMMERS_p2.md	2026-09-03 13:57:45.113583900 -0700	25214	40006b67bbfc1b799cf4577bdca4ab8e79445120c094014ce30c8dfa5d7c504d	02_四论文Ownership主线/03_GroundTruth_Sommers/论文原文与拆解/teardown-bridge-20260904/12_SOMMERS_p2.md	current_source
02_四论文Ownership主线/04_CrossEdgeIM	九月产出_0917学习包已纳入	论文原文与拆解	/mnt/d/MyResearch/MAS_Safety_Project/research/papers_lu/teardown-bridge-20260904/11b_CROSSEDGEIM_kg_critique.md	2026-09-03 13:08:03.325923900 -0700	18053	0e46b4a2ad9f1ae0f2400f5cd63c82eada2b70e151cae2d369d5d71f863bcfd0	02_四论文Ownership主线/04_CrossEdgeIM/论文原文与拆解/teardown-bridge-20260904/11b_CROSSEDGEIM_kg_critique.md	current_source
02_四论文Ownership主线/04_CrossEdgeIM	九月产出_0917学习包已纳入	论文原文与拆解	/mnt/d/MyResearch/MAS_Safety_Project/research/papers_lu/teardown-bridge-20260904/11_CROSSEDGEIM.md	2026-09-03 12:45:33.731269200 -0700	21131	825e6aeabaa3fad8c420c25c5b5947200bf0914cc5b5bec13c3f70258cb49069	02_四论文Ownership主线/04_CrossEdgeIM/论文原文与拆解/teardown-bridge-20260904/11_CROSSEDGEIM.md	current_source
02_四论文Ownership主线/03_GroundTruth_Sommers	九月产出_0917学习包已纳入	论文原文与拆解	/mnt/d/MyResearch/MAS_Safety_Project/research/papers_lu/teardown-bridge-20260904/12_SOMMERS_p1.md	2026-09-03 12:12:43.645135200 -0700	28885	feea7a906d3c7b15184bfb8cd67f50dc88eaff8d7c2a8b9339215d4a4c622633	02_四论文Ownership主线/03_GroundTruth_Sommers/论文原文与拆解/teardown-bridge-20260904/12_SOMMERS_p1.md	current_source
02_四论文Ownership主线/02_sigRank	九月产出_0917学习包已纳入	论文原文与拆解	/mnt/d/MyResearch/MAS_Safety_Project/research/papers_lu/teardown-bridge-20260904/10b_SIGRANK_kg_critique.md	2026-09-03 11:54:56.128392400 -0700	27519	0b8f853775388ac946a31a7bd8ef4cd1d99b828cd9dd72892011a99f8046e8e1	02_四论文Ownership主线/02_sigRank/论文原文与拆解/teardown-bridge-20260904/10b_SIGRANK_kg_critique.md	current_source
02_四论文Ownership主线/02_sigRank	九月产出_0917学习包已纳入	论文原文与拆解	/mnt/d/MyResearch/MAS_Safety_Project/research/papers_lu/teardown-bridge-20260904/10_SIGRANK.md	2026-09-03 11:47:54.108820300 -0700	61850	96b96ce018ec2bf450a7bed2153350b1dfcb23a3f50ee17f5ec62a74b3e3a38e	02_四论文Ownership主线/02_sigRank/论文原文与拆解/teardown-bridge-20260904/10_SIGRANK.md	current_source
02_四论文Ownership主线/02_sigRank	九月产出_0917学习包已纳入	论文原文与拆解	/mnt/d/MyResearch/MAS_Safety_Project/research/papers_lu/teardown-bridge-20260904/10_SIGRANK_p2_tables.md	2026-09-03 11:37:49.856231900 -0700	17906	8502199d62d76cf9a9c183e77a10eca89d29de449cdd331f5330a1a90bab8cf0	02_四论文Ownership主线/02_sigRank/论文原文与拆解/teardown-bridge-20260904/10_SIGRANK_p2_tables.md	current_source
02_四论文Ownership主线/02_sigRank	九月产出_0917学习包已纳入	论文原文与拆解	/mnt/d/MyResearch/MAS_Safety_Project/research/papers_lu/teardown-bridge-20260904/10_SIGRANK_p2.md	2026-09-03 11:26:08.567411700 -0700	16070	63aa8e2ae3ddf5ec6781c07d4455f3ca0e08a767bb3d5f8f1c93402d1303f31f	02_四论文Ownership主线/02_sigRank/论文原文与拆解/teardown-bridge-20260904/10_SIGRANK_p2.md	current_source
02_四论文Ownership主线/02_sigRank	九月产出_0917学习包已纳入	论文原文与拆解	/mnt/d/MyResearch/MAS_Safety_Project/research/papers_lu/teardown-bridge-20260904/10_SIGRANK_p1.md	2026-09-03 10:26:11.409939100 -0700	26311	c774277909df0509ca5a4740920ef3e97bb97a01fc8cc214247edaeff2818898	02_四论文Ownership主线/02_sigRank/论文原文与拆解/teardown-bridge-20260904/10_SIGRANK_p1.md	current_source
02_四论文Ownership主线/00_共享合同_计划_验收	九月产出_0917学习包已纳入	论文原文与拆解	/mnt/d/MyResearch/MAS_Safety_Project/research/papers_lu/teardown-bridge-20260904/MANIFEST_ADDENDUM_20260904.md	2026-09-03 10:20:49.198060900 -0700	3259	4d48ba884e108605f1fd30f08f0e261d9570f0762b5316d6368651d7771b387a	02_四论文Ownership主线/00_共享合同_计划_验收/论文原文与拆解/teardown-bridge-20260904/MANIFEST_ADDENDUM_20260904.md	current_source
02_四论文Ownership主线/03_GroundTruth_Sommers	九月新增或相关产出	论文原文与拆解	/mnt/d/MyResearch/MAS_Safety_Project/research/papers_lu/teardown-bridge-20260904/_launch/pdftxt/SOMMERS.txt	2026-09-03 09:52:49.527612600 -0700	118174	9436f104b6556808f72487e1aedb80b0bf159f9d0ce71c8d8fb88fac7b653bf4	02_四论文Ownership主线/03_GroundTruth_Sommers/论文原文与拆解/teardown-bridge-20260904/_launch/pdftxt/SOMMERS.txt	current_source
02_四论文Ownership主线/04_CrossEdgeIM	九月新增或相关产出	论文原文与拆解	/mnt/d/MyResearch/MAS_Safety_Project/research/papers_lu/teardown-bridge-20260904/_launch/pdftxt/CROSSEDGEIM.txt	2026-09-03 09:52:19.776995600 -0700	48358	9e58108c2d604906c52d08d0d62ebe1ccd612a692907c746e678a576ba840e64	02_四论文Ownership主线/04_CrossEdgeIM/论文原文与拆解/teardown-bridge-20260904/_launch/pdftxt/CROSSEDGEIM.txt	current_source
02_四论文Ownership主线/02_sigRank	九月新增或相关产出	论文原文与拆解	/mnt/d/MyResearch/MAS_Safety_Project/research/papers_lu/teardown-bridge-20260904/_launch/pdftxt/SIGRANK.txt	2026-09-03 09:52:18.746940600 -0700	75368	71d2ae9ad71ecec27df0ed6a8c91e3bcdde3e8d78d96722d1ebbba36b3f063c6	02_四论文Ownership主线/02_sigRank/论文原文与拆解/teardown-bridge-20260904/_launch/pdftxt/SIGRANK.txt	current_source
02_四论文Ownership主线/01_EdgeIM	九月产出_0917学习包已纳入	学习包与本人作答	/mnt/d/MyResearch/MAS_Safety_Project/learning/training/lu-edgeim-algo1/EX-00/_v0_sol/GRADING.md	2026-09-03 08:00:08.651643200 -0700	5134	a37c4285e6c94b3f7bf30e8a0bc25ba57c26980831941f5174ff52c32691f1c5	02_四论文Ownership主线/01_EdgeIM/学习与课程/EX-00/_v0_sol/GRADING.md	current_source
02_四论文Ownership主线/01_EdgeIM	九月产出_0917学习包已纳入	学习包与本人作答	/mnt/d/MyResearch/MAS_Safety_Project/learning/training/lu-edgeim-algo1/EX-00/_v0_sol/README.md	2026-09-03 07:29:43.649176200 -0700	25031	bde310271e55786002965d33ec269e4af2c55306fc16353c7b57a1240ed01475	02_四论文Ownership主线/01_EdgeIM/学习与课程/EX-00/_v0_sol/README.md	current_source
01_进组总计划_OE1_材料交付	九月新增或相关产出	外部原始材料	/mnt/d/Edge下载/博士生科研入门辅导.pdf	2026-09-03 06:59:24.614077000 -0700	17411724	02db31478b4e827c435fd2847a69ed27e9ee5e26194c2dd50b669faa111b7795	01_进组总计划_OE1_材料交付/外部输入/博士生科研入门辅导.pdf	current_source
04_Bridge与迁移研究	九月新增或相关产出	计划或决策	/mnt/d/MyResearch/MAS_Safety_Project/progress/decisions/2026-09-03__research__bridge-segment0-execution-brief-v1.1.md	2026-09-03 05:58:28.897969200 -0700	13447	7e4a572a6fcd98a83f71c4adfebf2002c6c2c87998de105e68179173c7c71a42	04_Bridge与迁移研究/计划与决策/2026-09-03__research__bridge-segment0-execution-brief-v1.1.md	current_source
02_四论文Ownership主线/01_EdgeIM	九月产出_0917学习包已纳入	学习包与本人作答	/mnt/d/MyResearch/MAS_Safety_Project/learning/training/lu-edgeim-algo1/MISTAKE_LOG.md	2026-09-03 05:10:00.567424200 -0700	2170	ff3db0eee44586b99d29c873b5d481ccab928fc7df21046e0eb2b3a671de2fd9	02_四论文Ownership主线/01_EdgeIM/学习与课程/MISTAKE_LOG.md	current_source
04_Bridge与迁移研究	九月新增或相关产出	交接与恢复	/mnt/d/MyResearch/MAS_Safety_Project/progress/handoff/2026-09-03__codex-guardrail-and-bridge-pause__handoff.md	2026-09-03 05:06:28.747751700 -0700	7257	e03c3461d268ce78de16a3bc145620cb1623de5c45fecb6f14d06145f7a9ad7c	04_Bridge与迁移研究/交接与恢复/2026-09-03__codex-guardrail-and-bridge-pause__handoff.md	current_source
04_Bridge与迁移研究	九月新增或相关产出	任务日志	/mnt/d/MyResearch/MAS_Safety_Project/progress/task_logs/2026/09/2026-09-03__archive__codex-guardrail-and-bridge-pause.md	2026-09-03 05:05:39.125593400 -0700	4517	662028ba5b023fcd3be734841e84fa9335703f4585cc76ca9344ff23f362b1c2	04_Bridge与迁移研究/任务日志/2026/09/2026-09-03__archive__codex-guardrail-and-bridge-pause.md	current_source
08_科研方法与长期成长材料/通用学习基础	九月产出_0917学习包已纳入	其他相关产出	/mnt/d/MyResearch/MAS_Safety_Project/learning/Learning–Research OS v0.1 — FROZEN 2026-09-03.md	2026-09-03 04:52:34.892798300 -0700	17302	29eb11786838fb4e8bce52973dab8a9774c71d3b52c11764dbab70518d925354	08_科研方法与长期成长材料/通用学习基础/学习与课程/Learning–Research OS v0.1 — FROZEN 2026-09-03.md	current_source
04_Bridge与迁移研究	九月新增或相关产出	交接与恢复	/mnt/d/MyResearch/MAS_Safety_Project/progress/handoff/2026-09-03__bridge-r1-pilot__pause-handoff.md	2026-09-03 03:50:22.482008400 -0700	4411	b8b2097c72186a824d4db9aa44358cf0c2d367a8202c98a64efcec717a55a412	04_Bridge与迁移研究/交接与恢复/2026-09-03__bridge-r1-pilot__pause-handoff.md	current_source
02_四论文Ownership主线/03_GroundTruth_Sommers	九月产出_0917学习包已纳入	论文原文与拆解	/mnt/d/MyResearch/MAS_Safety_Project/research/papers_lu/Sommers-2025-ProcessScience.pdf	2026-09-03 02:50:52.111797500 -0700	3939065	59cf748494a4f5f9393c0e9082a7cbb368e24148a5de6708ba9aa4e305db6603	02_四论文Ownership主线/03_GroundTruth_Sommers/论文原文与拆解/Sommers-2025-ProcessScience.pdf	current_source
02_四论文Ownership主线/04_CrossEdgeIM	九月产出_0917学习包已纳入	论文原文与拆解	/mnt/d/MyResearch/MAS_Safety_Project/research/papers_lu/CrossEdgeIM-2026-IoTMag.pdf	2026-09-03 02:50:51.920541200 -0700	1246924	ac7ec167a89cd726381ae451b96280e44d49951f55481049209414654f311803	02_四论文Ownership主线/04_CrossEdgeIM/论文原文与拆解/CrossEdgeIM-2026-IoTMag.pdf	current_source
02_四论文Ownership主线/02_sigRank	九月产出_0917学习包已纳入	论文原文与拆解	/mnt/d/MyResearch/MAS_Safety_Project/research/papers_lu/sigRank-2026-TSC.pdf	2026-09-03 02:50:51.863404100 -0700	4405029	e20cac7b2b1c562b12342d07f33b5621e50dcdb15f2dc7ea42fb6da632c09800	02_四论文Ownership主线/02_sigRank/论文原文与拆解/sigRank-2026-TSC.pdf	current_source
04_Bridge与迁移研究	九月新增或相关产出	计划或决策	/mnt/d/MyResearch/MAS_Safety_Project/progress/decisions/2026-09-03__research__bridge-segment0-execution-brief.md	2026-09-02 19:24:27.855722700 -0700	9053	81737628c628f76df210e47bb62a2faeb9c65ba4848da318bf0fe22cbc6754f3	04_Bridge与迁移研究/计划与决策/2026-09-03__research__bridge-segment0-execution-brief.md	current_source
04_Bridge与迁移研究	九月新增或相关产出	计划或决策	/mnt/d/MyResearch/MAS_Safety_Project/progress/decisions/2026-09-03__research__bridge-lu-complete-plan-proposal__fable.md	2026-09-02 17:56:59.839681100 -0700	14982	60c39a6aa8d3d316a0fea03bd71e92d0d6ce1ec27d48c594475eff715dbdb007	04_Bridge与迁移研究/计划与决策/2026-09-03__research__bridge-lu-complete-plan-proposal__fable.md	current_source
04_Bridge与迁移研究	九月新增或相关产出	计划或决策	/mnt/d/MyResearch/MAS_Safety_Project/progress/decisions/2026-09-03__research__bridge-lu-complete-plan-proposal.md	2026-09-02 17:45:51.501736900 -0700	16552	78c9a9597a58403dd47cf6a1aa7065daea949a38c47cebca46d016755deb6c7b	04_Bridge与迁移研究/计划与决策/2026-09-03__research__bridge-lu-complete-plan-proposal.md	current_source
04_Bridge与迁移研究	九月新增或相关产出	计划或决策	/mnt/d/MyResearch/MAS_Safety_Project/progress/decisions/2026-09-02__research__bridge-requirements-realignment-and-edgeim-slice-proposal.md	2026-09-02 16:50:47.593832600 -0700	31414	b85afbee8c80c4fdcaf65724155453cf2478bc8ad00e31dcb723f134f9c54ed9	04_Bridge与迁移研究/计划与决策/2026-09-02__research__bridge-requirements-realignment-and-edgeim-slice-proposal.md	current_source
04_Bridge与迁移研究	九月新增或相关产出	任务日志	/mnt/d/MyResearch/MAS_Safety_Project/progress/task_logs/2026/08/2026-08-30__research__bridge-lu-two-week-masterplan-alignment.md	2026-09-02 16:50:26.215055800 -0700	23025	9e46b564d53d0d12d51784195ec0b405b0d900379225cb93cce349a64bd4ec4a	04_Bridge与迁移研究/任务日志/2026/08/2026-08-30__research__bridge-lu-two-week-masterplan-alignment.md	current_source
04_Bridge与迁移研究	九月新增或相关产出	交接与恢复	/mnt/d/MyResearch/MAS_Safety_Project/progress/handoff/2026-09-02__bridge-requirements-realignment-pause__handoff.md	2026-09-02 16:49:55.955359200 -0700	8295	519dba41b4b2621eb9a5d0f921dabfae898e0bcf7ef77785266bdcae62217f31	04_Bridge与迁移研究/交接与恢复/2026-09-02__bridge-requirements-realignment-pause__handoff.md	current_source
04_Bridge与迁移研究	九月新增或相关产出	交接与恢复	/mnt/d/MyResearch/MAS_Safety_Project/progress/handoff/2026-09-02__bridge-t2-priority-and-research-object__sol-pause-handoff.md	2026-09-02 08:07:58.579383700 -0700	10703	8c0686c76f2edbab708defed971d170749eb889d66218ac7c2096165e684b57e	04_Bridge与迁移研究/交接与恢复/2026-09-02__bridge-t2-priority-and-research-object__sol-pause-handoff.md	current_source
04_Bridge与迁移研究	九月新增或相关产出	交接与恢复	/mnt/d/MyResearch/MAS_Safety_Project/progress/handoff/2026-09-02__bridge-scheme-evaluation-framework__sol-pause-handoff.md	2026-09-02 07:33:07.241086300 -0700	15969	fe36257d3497f12caaff2c5a297e329396327620567e14f13a2ccfb649b07f29	04_Bridge与迁移研究/交接与恢复/2026-09-02__bridge-scheme-evaluation-framework__sol-pause-handoff.md	current_source
04_Bridge与迁移研究	九月新增或相关产出	交接与恢复	/mnt/d/MyResearch/MAS_Safety_Project/progress/handoff/2026-09-02__bridge-requirements-realignment__sol-review-pause-handoff.md	2026-09-02 07:14:04.270816500 -0700	14603	f4f2394be0dc6fea770bfd9d904f74906f5be6e8fd68c0bcf5c5211e17dcffea	04_Bridge与迁移研究/交接与恢复/2026-09-02__bridge-requirements-realignment__sol-review-pause-handoff.md	current_source
05_科研台_学习台_工作台支撑	进组相关存量材料	交接与恢复	/mnt/d/MyResearch/MAS_Safety_Project/progress/handoff/2026-09-01__workbench-v2-wp0-codex-execution__handoff.md	2026-08-31 19:02:29.772903800 -0700	15114	2b3b09703c84f7d7549615544ea0b6113053f6cebcff3eea3155a3d87f528ae5	05_科研台_学习台_工作台支撑/交接与恢复/2026-09-01__workbench-v2-wp0-codex-execution__handoff.md	current_source
05_科研台_学习台_工作台支撑	进组相关存量材料	任务日志	/mnt/d/MyResearch/MAS_Safety_Project/progress/task_logs/2026/09/2026-09-01__maintenance__workbench-v2-wp0-codex-execution.md	2026-08-31 19:00:34.208481500 -0700	9259	87baee99572670176cd5308adff803070f3301b0875d42b36d5855ff140d614d	05_科研台_学习台_工作台支撑/任务日志/2026/09/2026-09-01__maintenance__workbench-v2-wp0-codex-execution.md	current_source
05_科研台_学习台_工作台支撑	进组相关存量材料	交接与恢复	/mnt/d/MyResearch/MAS_Safety_Project/progress/handoff/2026-09-01__workbench-v2-design-window__handoff.md	2026-08-31 11:26:38.730969900 -0700	9025	53afbedf2ad0bd224b034fc2acf245c5b2ada49dbc1f78cd06d240ea1cc8c15d	05_科研台_学习台_工作台支撑/交接与恢复/2026-09-01__workbench-v2-design-window__handoff.md	current_source
01_进组总计划_OE1_材料交付/99_其他相关计划与状态	进组相关存量材料	任务日志	/mnt/d/MyResearch/MAS_Safety_Project/progress/task_logs/2026/09/2026-09-01__maintenance__wp0-codex-brief-draft.md	2026-08-31 09:41:01.315855400 -0700	3495	619f68e65b0d2e050c5667548708c06e9a0c71ff27ad9ac175b1674a58e0d8c7	01_进组总计划_OE1_材料交付/99_其他相关计划与状态/任务日志/2026/09/2026-09-01__maintenance__wp0-codex-brief-draft.md	current_source
05_科研台_学习台_工作台支撑	进组相关存量材料	任务日志	/mnt/d/MyResearch/MAS_Safety_Project/progress/task_logs/2026/09/2026-09-01__maintenance__workbench-v2-contract-freeze-batch.md	2026-08-31 09:07:09.844576300 -0700	7622	8f0f5be2ac90910d7ef7af4ee4ce4b4f3aefb8655934fe9122ec865b7c1a74b6	05_科研台_学习台_工作台支撑/任务日志/2026/09/2026-09-01__maintenance__workbench-v2-contract-freeze-batch.md	current_source
01_进组总计划_OE1_材料交付	进组相关存量材料	论文原文与拆解	/mnt/d/MyResearch/MAS_Safety_Project/research/papers_lu/teardown-joint-20260813/_codex_20260827/LU_TO_SUN_LEARNING_AND_PORTFOLIO_PACK.md	2026-08-27 03:39:28.591350500 -0700	6830	1f95760dc28270e0b6c3ab18a1bedd414b20fe4f0d5bc35b99836ecbc3c55f52	01_进组总计划_OE1_材料交付/论文原文与拆解/teardown-joint-20260813/_codex_20260827/LU_TO_SUN_LEARNING_AND_PORTFOLIO_PACK.md	current_source
01_进组总计划_OE1_材料交付	进组相关存量材料	论文原文与拆解	/mnt/d/MyResearch/MAS_Safety_Project/research/papers_lu/teardown-joint-20260813/_codex_20260827/CONTROLLER_SYNTHESIS.md	2026-08-27 03:39:28.581924600 -0700	7219	11546dee1e1441f8d8067d23b5993252254a5e697eb5cdde9ce8065b4b711234	01_进组总计划_OE1_材料交付/论文原文与拆解/teardown-joint-20260813/_codex_20260827/CONTROLLER_SYNTHESIS.md	current_source
01_进组总计划_OE1_材料交付	进组相关存量材料	论文原文与拆解	/mnt/d/MyResearch/MAS_Safety_Project/research/papers_lu/teardown-joint-20260813/_codex_20260827/agent_f_onboarding_learning/E1_TECHNICAL_FIT_BRIEF_20260827.md	2026-08-27 03:04:46.804403900 -0700	18089	3ce0bb818009e42b396619e042912073fe7ff3410f3ee2b12cc127ccd2fd6a40	01_进组总计划_OE1_材料交付/论文原文与拆解/teardown-joint-20260813/_codex_20260827/agent_f_onboarding_learning/E1_TECHNICAL_FIT_BRIEF_20260827.md	current_source
01_进组总计划_OE1_材料交付/99_其他相关计划与状态	存量学习包_0917整理纳入	项目卡	/mnt/d/MyResearch/MAS_Safety_Project/progress/projects/teaching-prefab.md	2026-08-26 04:20:24.980182700 -0700	2855	7e540547b6bcb50a9b621941309f2b98354b1574bbb2aa31635a5873fffabc53	01_进组总计划_OE1_材料交付/99_其他相关计划与状态/项目卡/teaching-prefab.md	current_source
01_进组总计划_OE1_材料交付	进组相关存量材料	论文原文与拆解	/mnt/d/MyResearch/MAS_Safety_Project/research/papers_lu/teardown-joint-20260813/_codex_20260824/onboarding_preflight/mock_pack/__pycache__/test_mock_pack_contract.cpython-310-pytest-9.0.2.pyc	2026-08-25 00:08:27.708845800 -0700	3644	cce954365a49216d1824103d5536fad181d9a03215490b31243af664b430d78e	01_进组总计划_OE1_材料交付/论文原文与拆解/teardown-joint-20260813/_codex_20260824/onboarding_preflight/mock_pack/__pycache__/test_mock_pack_contract.cpython-310-pytest-9.0.2.pyc	current_source
01_进组总计划_OE1_材料交付	进组相关存量材料	论文原文与拆解	/mnt/d/MyResearch/MAS_Safety_Project/research/papers_lu/teardown-joint-20260813/_codex_20260824/onboarding_preflight/mock_pack/__pycache__/test_mock_pack_contract.cpython-310.pyc	2026-08-25 00:04:13.936658900 -0700	3535	f0229c9a3f05ccb8e473a07ae686a3ada1f110b581936c6989a5a97510f0c445	01_进组总计划_OE1_材料交付/论文原文与拆解/teardown-joint-20260813/_codex_20260824/onboarding_preflight/mock_pack/__pycache__/test_mock_pack_contract.cpython-310.pyc	current_source
01_进组总计划_OE1_材料交付	进组相关存量材料	论文原文与拆解	/mnt/d/MyResearch/MAS_Safety_Project/research/papers_lu/teardown-joint-20260813/_codex_20260824/onboarding_preflight/mock_pack/test_mock_pack_contract.py	2026-08-25 00:04:01.346380700 -0700	2302	710f4134daa1d39517c70f44dd2c191ab675e80c1e974832a490113be8fc81cf	01_进组总计划_OE1_材料交付/论文原文与拆解/teardown-joint-20260813/_codex_20260824/onboarding_preflight/mock_pack/test_mock_pack_contract.py	current_source
01_进组总计划_OE1_材料交付	进组相关存量材料	论文原文与拆解	/mnt/d/MyResearch/MAS_Safety_Project/research/papers_lu/teardown-joint-20260813/_codex_20260824/onboarding_preflight/mock_pack/REPORT.md	2026-08-25 00:03:16.419263500 -0700	2898	c510ce8d1d297f40ef3691a9dc5034cc6778f8ea2db285cac8db656fed4c2e8f	01_进组总计划_OE1_材料交付/论文原文与拆解/teardown-joint-20260813/_codex_20260824/onboarding_preflight/mock_pack/REPORT.md	current_source
01_进组总计划_OE1_材料交付	进组相关存量材料	论文原文与拆解	/mnt/d/MyResearch/MAS_Safety_Project/research/papers_lu/teardown-joint-20260813/_codex_20260824/onboarding_preflight/mock_pack/rubric.tsv	2026-08-25 00:02:13.603156000 -0700	5037	030cec12b17b0abb4629db9867ae0a297425027e3dd729abd9d541e706fafd8e	01_进组总计划_OE1_材料交付/论文原文与拆解/teardown-joint-20260813/_codex_20260824/onboarding_preflight/mock_pack/rubric.tsv	current_source
01_进组总计划_OE1_材料交付	进组相关存量材料	论文原文与拆解	/mnt/d/MyResearch/MAS_Safety_Project/research/papers_lu/teardown-joint-20260813/_codex_20260824/onboarding_preflight/mock_pack/.pytest_cache/v/cache/lastfailed	2026-08-24 23:58:42.578696700 -0700	376	0593470284c1cd13df8797b17137e4c609d47da998da39cc36827b06911ae02f	01_进组总计划_OE1_材料交付/论文原文与拆解/teardown-joint-20260813/_codex_20260824/onboarding_preflight/mock_pack/.pytest_cache/v/cache/lastfailed	current_source
01_进组总计划_OE1_材料交付	进组相关存量材料	论文原文与拆解	/mnt/d/MyResearch/MAS_Safety_Project/research/papers_lu/teardown-joint-20260813/_codex_20260824/onboarding_preflight/mock_pack/.pytest_cache/v/cache/nodeids	2026-08-24 23:58:42.567569700 -0700	297	d98d75ea73eb7c63cad1abbc089e39b6f354e5f5f3d501a57d0ec0e5cc55df28	01_进组总计划_OE1_材料交付/论文原文与拆解/teardown-joint-20260813/_codex_20260824/onboarding_preflight/mock_pack/.pytest_cache/v/cache/nodeids	current_source
01_进组总计划_OE1_材料交付	进组相关存量材料	论文原文与拆解	/mnt/d/MyResearch/MAS_Safety_Project/research/papers_lu/teardown-joint-20260813/_codex_20260824/onboarding_preflight/mock_pack/.pytest_cache/CACHEDIR.TAG	2026-08-24 23:57:51.251977200 -0700	191	37dc88ef9a0abeddbe81053a6dd8fdfb13afb613045ea1eb4a5c815a74a3bde4	01_进组总计划_OE1_材料交付/论文原文与拆解/teardown-joint-20260813/_codex_20260824/onboarding_preflight/mock_pack/.pytest_cache/CACHEDIR.TAG	current_source
01_进组总计划_OE1_材料交付	进组相关存量材料	论文原文与拆解	/mnt/d/MyResearch/MAS_Safety_Project/research/papers_lu/teardown-joint-20260813/_codex_20260824/onboarding_preflight/mock_pack/.pytest_cache/.gitignore	2026-08-24 23:57:51.246975600 -0700	37	3ed731b65d06150c138e2dadb0be0697550888a6b47eb8c45ecc9adba8b8e9bd	01_进组总计划_OE1_材料交付/论文原文与拆解/teardown-joint-20260813/_codex_20260824/onboarding_preflight/mock_pack/.pytest_cache/.gitignore	current_source
01_进组总计划_OE1_材料交付	进组相关存量材料	论文原文与拆解	/mnt/d/MyResearch/MAS_Safety_Project/research/papers_lu/teardown-joint-20260813/_codex_20260824/onboarding_preflight/mock_pack/.pytest_cache/README.md	2026-08-24 23:57:51.241858300 -0700	302	73fd6fccdd802c419a6b2d983d6c3173b7da97558ac4b589edec2dfe443db9ad	01_进组总计划_OE1_材料交付/论文原文与拆解/teardown-joint-20260813/_codex_20260824/onboarding_preflight/mock_pack/.pytest_cache/README.md	current_source
01_进组总计划_OE1_材料交付	进组相关存量材料	论文原文与拆解	/mnt/d/MyResearch/MAS_Safety_Project/research/papers_lu/teardown-joint-20260813/_codex_20260824/onboarding_preflight/mock_pack/questions_E2.md	2026-08-24 08:24:59.180240300 -0700	6626	e462412b22686a0804786861c2bdf168adbf5ea4b9026a47e79764cb9fdc2e1e	01_进组总计划_OE1_材料交付/论文原文与拆解/teardown-joint-20260813/_codex_20260824/onboarding_preflight/mock_pack/questions_E2.md	current_source
01_进组总计划_OE1_材料交付	进组相关存量材料	论文原文与拆解	/mnt/d/MyResearch/MAS_Safety_Project/research/papers_lu/teardown-joint-20260813/_codex_20260824/onboarding_preflight/mock_pack/questions_E1.md	2026-08-24 08:24:59.172208100 -0700	6751	b89396235dee822015080f832549a46032324893bb13baf5c3f23fc7fde28ea9	01_进组总计划_OE1_材料交付/论文原文与拆解/teardown-joint-20260813/_codex_20260824/onboarding_preflight/mock_pack/questions_E1.md	current_source
03_鲁组其他论文与研究谱系/00_鲁组PN四篇联卷	存量学习包_0917整理纳入	论文原文与拆解	/mnt/d/MyResearch/MAS_Safety_Project/research/papers_lu/teardown-joint-20260813/teaching/mistakes.md	2026-08-24 08:14:44.077510500 -0700	9577	71bfe6f0d9762df6a9a3489483a3ad8b2173a1d35b59c09a1c7d9c0e280b476d	03_鲁组其他论文与研究谱系/00_鲁组PN四篇联卷/论文原文与拆解/teardown-joint-20260813/teaching/mistakes.md	current_source
03_鲁组其他论文与研究谱系/00_鲁组PN四篇联卷	存量学习包_0917整理纳入	论文原文与拆解	/mnt/d/MyResearch/MAS_Safety_Project/research/papers_lu/teardown-joint-20260813/teaching/learner_workbook.md	2026-08-24 08:14:43.834130300 -0700	24863	86efcc05633cee87ed4c15b872f31a98ed5e3fa671f5b84a3130056d16ecf4fa	03_鲁组其他论文与研究谱系/00_鲁组PN四篇联卷/论文原文与拆解/teardown-joint-20260813/teaching/learner_workbook.md	current_source
01_进组总计划_OE1_材料交付	进组相关存量材料	论文原文与拆解	/mnt/d/MyResearch/MAS_Safety_Project/research/papers_lu/teardown-joint-20260813/_codex_20260824/onboarding_preflight/REPORT.md	2026-08-24 08:00:35.146284600 -0700	1915	9e9ad848bfdcfc617b048bcd14927db9fdf99710ebab3f5d9c34ec0482a17bd0	01_进组总计划_OE1_材料交付/论文原文与拆解/teardown-joint-20260813/_codex_20260824/onboarding_preflight/REPORT.md	current_source
01_进组总计划_OE1_材料交付	进组相关存量材料	论文原文与拆解	/mnt/d/MyResearch/MAS_Safety_Project/research/papers_lu/teardown-joint-20260813/_codex_20260824/onboarding_preflight/claim_trace.tsv	2026-08-24 08:00:35.139640700 -0700	1073	724fcf2c8aac9ee578bc67eb8c2ba2b2a37317430a13f902a6f4a25065b4ec88	01_进组总计划_OE1_材料交付/论文原文与拆解/teardown-joint-20260813/_codex_20260824/onboarding_preflight/claim_trace.tsv	current_source
03_鲁组其他论文与研究谱系/99_其他论文与盘点	存量学习包_0917整理纳入	论文原文与拆解	/mnt/d/MyResearch/MAS_Safety_Project/research/papers_lu/teardown-joint-20260813/ONBOARDING_PREP_PACK_20260824.md	2026-08-23 23:26:25.736410800 -0700	9880	584a6440fd4d326e7ab8e1a3acff2c07595f865ca9e998f3559d4f4af426c798	03_鲁组其他论文与研究谱系/99_其他论文与盘点/论文原文与拆解/teardown-joint-20260813/ONBOARDING_PREP_PACK_20260824.md	current_source
01_进组总计划_OE1_材料交付	进组相关存量材料	进组交付材料	/mnt/d/MyResearch/MAS_Safety_Project/research/map/proposals/OE1_attachments/README.md	2026-08-23 23:05:27.635646100 -0700	2568	42dfdea09f589f2cfea82d17ca5ab664201b1bd35e56cf77edb2c4911f3a9f70	01_进组总计划_OE1_材料交付/进组交付材料/OE1_attachments/README.md	current_source
01_进组总计划_OE1_材料交付	进组相关存量材料	进组交付材料	/mnt/d/MyResearch/MAS_Safety_Project/research/map/proposals/OE1_attachments/manifest.json	2026-08-23 23:02:37.974333600 -0700	1272	59d11e8df7a86bad54453ca1ccfb7cb33a75d4bdd5d99262a36cba9facbfa3d2	01_进组总计划_OE1_材料交付/进组交付材料/OE1_attachments/manifest.json	current_source
01_进组总计划_OE1_材料交付	进组相关存量材料	进组交付材料	/mnt/d/MyResearch/MAS_Safety_Project/research/map/proposals/OE1_attachments/pm4py_mining_demo.ipynb	2026-08-23 22:49:44.789845100 -0700	396914	c8cd9a806eeb8bafb72430838e88f5c3b708e42a9fc2d7686dae0bf7c4a65b68	01_进组总计划_OE1_材料交付/进组交付材料/OE1_attachments/pm4py_mining_demo.ipynb	current_source
01_进组总计划_OE1_材料交付	进组相关存量材料	进组交付材料	/mnt/d/MyResearch/MAS_Safety_Project/research/map/proposals/OE1_attachments/mining/petri_net_inductive.png	2026-08-23 22:49:44.316928300 -0700	89161	b5fb30389aae503aa197b85acacf6250a38d662c897a266349a9e0968772c7d7	01_进组总计划_OE1_材料交付/进组交付材料/OE1_attachments/mining/petri_net_inductive.png	current_source
01_进组总计划_OE1_材料交付	进组相关存量材料	进组交付材料	/mnt/d/MyResearch/MAS_Safety_Project/research/map/proposals/OE1_attachments/mining/dfg_performance.png	2026-08-23 22:49:44.237562000 -0700	73166	738a3e9556762b78687ff23758f93b1403c9c85b2de668314e08d65b42f34d2b	01_进组总计划_OE1_材料交付/进组交付材料/OE1_attachments/mining/dfg_performance.png	current_source
01_进组总计划_OE1_材料交付	进组相关存量材料	进组交付材料	/mnt/d/MyResearch/MAS_Safety_Project/research/map/proposals/OE1_attachments/mining/dfg_frequency.png	2026-08-23 22:49:44.154675500 -0700	74615	5998872ae3b77205723e795bff9bf256250b90c48191e67d88de01c01dc67cca	01_进组总计划_OE1_材料交付/进组交付材料/OE1_attachments/mining/dfg_frequency.png	current_source
03_鲁组其他论文与研究谱系/99_其他论文与盘点	存量学习包_0917整理纳入	论文原文与拆解	/mnt/d/MyResearch/MAS_Safety_Project/research/papers_lu/teardown-joint-20260813/CODEX_ACCEPTANCE_BRIEF_20260824.md	2026-08-23 22:38:54.536007700 -0700	8554	5e6469e08ac8eb89c05e07564176825d09507db0174e662c31b78ddbfdc2d4e1	03_鲁组其他论文与研究谱系/99_其他论文与盘点/论文原文与拆解/teardown-joint-20260813/CODEX_ACCEPTANCE_BRIEF_20260824.md	current_source
03_鲁组其他论文与研究谱系/99_其他论文与盘点	存量学习包_0917整理纳入	论文原文与拆解	/mnt/d/MyResearch/MAS_Safety_Project/research/papers_lu/teardown-joint-20260813/HANDBOOK_20260824.md	2026-08-23 22:08:13.630738700 -0700	8215	8ad17dd2705d9a4e01b07a1012dff5e940d0a5a38c11b9a04af9970233c7873e	03_鲁组其他论文与研究谱系/99_其他论文与盘点/论文原文与拆解/teardown-joint-20260813/HANDBOOK_20260824.md	current_source
03_鲁组其他论文与研究谱系/99_其他论文与盘点	存量学习包_0917整理纳入	论文原文与拆解	/mnt/d/MyResearch/MAS_Safety_Project/research/papers_lu/teardown-joint-20260813/REMEDIATION_PLAN_20260824.md	2026-08-23 21:13:43.515733300 -0700	11512	1e4006d2fe9457f82a9836d29da981532e22d0547e49ab026cd1445544f193a2	03_鲁组其他论文与研究谱系/99_其他论文与盘点/论文原文与拆解/teardown-joint-20260813/REMEDIATION_PLAN_20260824.md	current_source
03_鲁组其他论文与研究谱系/02_PNULOCK	存量学习包_0917整理纳入	论文原文与拆解	/mnt/d/MyResearch/MAS_Safety_Project/research/papers_lu/teardown-joint-20260813/02b_PNULOCK_sixpoint_kg_critique.md	2026-08-23 19:24:31.943687800 -0700	47294	450e97b167f3c83b4aca3b510c0bb6f2a08103e7be7f8448074e3860b02b1b02	03_鲁组其他论文与研究谱系/02_PNULOCK/论文原文与拆解/teardown-joint-20260813/02b_PNULOCK_sixpoint_kg_critique.md	current_source
03_鲁组其他论文与研究谱系/99_其他论文与盘点	存量学习包_0917整理纳入	论文原文与拆解	/mnt/d/MyResearch/MAS_Safety_Project/research/papers_lu/teardown-joint-20260813/README.md	2026-08-23 19:24:20.679650800 -0700	10892	71ccb19e7bd7c0e6e2a04b75be1a0280e13b2cdedf9a85ede68bfc8a7b1b9b45	03_鲁组其他论文与研究谱系/99_其他论文与盘点/论文原文与拆解/teardown-joint-20260813/README.md	current_source
03_鲁组其他论文与研究谱系/99_其他论文与盘点	存量学习包_0917整理纳入	论文原文与拆解	/mnt/d/MyResearch/MAS_Safety_Project/research/papers_lu/teardown-joint-20260813/STUDY_ROADMAP.md	2026-08-23 19:24:06.529209600 -0700	23413	0357ff2ba25349cbe57552b306b015c5b1e5bfe12a3cca00ae7dcc773885c01c	03_鲁组其他论文与研究谱系/99_其他论文与盘点/论文原文与拆解/teardown-joint-20260813/STUDY_ROADMAP.md	current_source
03_鲁组其他论文与研究谱系/99_其他论文与盘点	存量学习包_0917整理纳入	论文原文与拆解	/mnt/d/MyResearch/MAS_Safety_Project/research/papers_lu/teardown-joint-20260813/09_FAMILY_SYNTHESIS_V2.md	2026-08-23 19:24:01.302307600 -0700	47318	32be79c17a64acbc5562e1dc3278bf230c4219cc34fa002309def783f1ba88f5	03_鲁组其他论文与研究谱系/99_其他论文与盘点/论文原文与拆解/teardown-joint-20260813/09_FAMILY_SYNTHESIS_V2.md	current_source
03_鲁组其他论文与研究谱系/04_SEGLOCK_DeadlockSeg	存量学习包_0917整理纳入	论文原文与拆解	/mnt/d/MyResearch/MAS_Safety_Project/research/papers_lu/teardown-joint-20260813/04_DEADLOCKSEG_SEGLOCK.md	2026-08-23 19:23:47.841453700 -0700	11071	d012ef61c4cf8e1b293394bfc435b757622a9d6fc2aa38c9d5d0cdd378d9b39b	03_鲁组其他论文与研究谱系/04_SEGLOCK_DeadlockSeg/论文原文与拆解/teardown-joint-20260813/04_DEADLOCKSEG_SEGLOCK.md	current_source
03_鲁组其他论文与研究谱系/99_其他论文与盘点	存量学习包_0917整理纳入	论文原文与拆解	/mnt/d/MyResearch/MAS_Safety_Project/research/papers_lu/teardown-joint-20260813/05_FAMILY_SYNTHESIS.md	2026-08-23 19:23:35.073440500 -0700	10303	ec83f8b672d914e3cd8428cd522613c50f4b351f9631788a868336c01676e980	03_鲁组其他论文与研究谱系/99_其他论文与盘点/论文原文与拆解/teardown-joint-20260813/05_FAMILY_SYNTHESIS.md	current_source
01_进组总计划_OE1_材料交付	进组相关存量材料	进组交付材料	/mnt/d/MyResearch/MAS_Safety_Project/research/map/proposals/OE1_attachments/mining/all_cases_merged.xes	2026-08-23 17:28:24.345573800 -0700	17828	0cff1eb7695771320dbc5cc6795752dc6b38a51835a4620c274b55d11ceaeef5	01_进组总计划_OE1_材料交付/进组交付材料/OE1_attachments/mining/all_cases_merged.xes	current_source
01_进组总计划_OE1_材料交付	进组相关存量材料	进组交付材料	/mnt/d/MyResearch/MAS_Safety_Project/research/map/proposals/OE1_attachments/mine_dfg.py	2026-08-23 17:28:14.678764700 -0700	4683	ad8b46b053dc15d1fed474c82d2c6c6c4fafa3bc3a005ddbbe3e3d975fa8d679	01_进组总计划_OE1_材料交付/进组交付材料/OE1_attachments/mine_dfg.py	current_source
02_四论文Ownership主线/01_EdgeIM/历史联卷	存量学习包_0917整理纳入	论文原文与拆解	/mnt/d/MyResearch/MAS_Safety_Project/research/papers_lu/teardown-joint-20260813/teaching_paywall3/mistakes.md	2026-08-23 12:15:36.201202300 -0700	3761	9a2a09c9d620472d9838d0ee366d36d27c06da316929102e834a120d4c336fcc	02_四论文Ownership主线/01_EdgeIM/历史联卷/论文原文与拆解/teardown-joint-20260813/teaching_paywall3/mistakes.md	current_source
03_鲁组其他论文与研究谱系/03_UAF_PN_VFG	存量学习包_0917整理纳入	论文原文与拆解	/mnt/d/MyResearch/MAS_Safety_Project/research/papers_lu/teardown-joint-20260813/03_UAF_PN_VFG.md	2026-08-23 11:55:43.280176400 -0700	8930	11cfe2c833bfc5a30374d4a68c2f80197ae41e34e33439d041169e1ce93e71d1	03_鲁组其他论文与研究谱系/03_UAF_PN_VFG/论文原文与拆解/teardown-joint-20260813/03_UAF_PN_VFG.md	current_source
03_鲁组其他论文与研究谱系/02_PNULOCK	存量学习包_0917整理纳入	论文原文与拆解	/mnt/d/MyResearch/MAS_Safety_Project/research/papers_lu/teardown-joint-20260813/02_DEADLOCK_PNULOCK.md	2026-08-23 11:55:39.545602000 -0700	9870	86aaa698d37adddb7e9b5c419246f25ebf24ea2e980fa09ae151c2e870dc39fb	03_鲁组其他论文与研究谱系/02_PNULOCK/论文原文与拆解/teardown-joint-20260813/02_DEADLOCK_PNULOCK.md	current_source
03_鲁组其他论文与研究谱系/01_SBTPN	存量学习包_0917整理纳入	论文原文与拆解	/mnt/d/MyResearch/MAS_Safety_Project/research/papers_lu/teardown-joint-20260813/01_SBTPN.md	2026-08-23 11:55:36.112513600 -0700	12536	ccbab5f5d9893b2834e89e7d849788338e46ea421fbc7bd4094ea681a17d4982	03_鲁组其他论文与研究谱系/01_SBTPN/论文原文与拆解/teardown-joint-20260813/01_SBTPN.md	current_source
03_鲁组其他论文与研究谱系/04_SEGLOCK_DeadlockSeg	存量学习包_0917整理纳入	论文原文与拆解	/mnt/d/MyResearch/MAS_Safety_Project/research/papers_lu/teardown-joint-20260813/04b_SEGLOCK_sixpoint_kg_critique.md	2026-08-23 11:34:07.733026200 -0700	36529	7e99956454407b03f652c2ddd304d93856f66514c099cce06cf7ea6448767de1	03_鲁组其他论文与研究谱系/04_SEGLOCK_DeadlockSeg/论文原文与拆解/teardown-joint-20260813/04b_SEGLOCK_sixpoint_kg_critique.md	current_source
01_进组总计划_OE1_材料交付	进组相关存量材料	进组交付材料	/mnt/d/MyResearch/MAS_Safety_Project/research/map/proposals/F2_ONEPAGER_BASELINE_DECISION-20260824.md	2026-08-23 11:22:01.663367300 -0700	2342	0c5f2bdf3e5c90ac85a702c2f6d115eab400920b84524ea3c86a6cdab342a5cd	01_进组总计划_OE1_材料交付/进组交付材料/F2_ONEPAGER_BASELINE_DECISION-20260824.md	current_source
02_四论文Ownership主线/01_EdgeIM/历史联卷	存量学习包_0917整理纳入	论文原文与拆解	/mnt/d/MyResearch/MAS_Safety_Project/research/papers_lu/teardown-joint-20260813/teaching_paywall3/learner_workbook.md	2026-08-23 02:09:56.274176900 -0700	24699	5b3382a086ffd17df8c4f4eaed4d14525feebc4e956de6a1709c934c0f06d0d1	02_四论文Ownership主线/01_EdgeIM/历史联卷/论文原文与拆解/teardown-joint-20260813/teaching_paywall3/learner_workbook.md	current_source
02_四论文Ownership主线/01_EdgeIM/历史联卷	存量学习包_0917整理纳入	论文原文与拆解	/mnt/d/MyResearch/MAS_Safety_Project/research/papers_lu/teardown-joint-20260813/teaching_paywall3/README.md	2026-08-23 02:09:56.249117300 -0700	6559	dc0ecddceadab17d7f35e57bc74736368c2f5f451edf846a3c12ddb81af9d795	02_四论文Ownership主线/01_EdgeIM/历史联卷/论文原文与拆解/teardown-joint-20260813/teaching_paywall3/README.md	current_source
03_鲁组其他论文与研究谱系/99_其他论文与盘点	存量学习包_0917整理纳入	论文原文与拆解	/mnt/d/MyResearch/MAS_Safety_Project/research/papers_lu/teardown-joint-20260813/STUDY_KNOWLEDGE_MAP.md	2026-08-23 02:09:54.972726200 -0700	11513	23ab6ba19ea8fc1d97ef76c05171e0a43031fb177bfa197fb546719f297e8dc6	03_鲁组其他论文与研究谱系/99_其他论文与盘点/论文原文与拆解/teardown-joint-20260813/STUDY_KNOWLEDGE_MAP.md	current_source
03_鲁组其他论文与研究谱系/99_其他论文与盘点	存量学习包_0917整理纳入	论文原文与拆解	/mnt/d/MyResearch/MAS_Safety_Project/research/papers_lu/teardown-joint-20260813/STUDY_EXECUTION_PLAN.md	2026-08-23 02:09:54.964218400 -0700	10478	3133ca7526e784e55b1c9cc4f123e8ae1cf30b49354a706619c1508c8d0217e2	03_鲁组其他论文与研究谱系/99_其他论文与盘点/论文原文与拆解/teardown-joint-20260813/STUDY_EXECUTION_PLAN.md	current_source
03_鲁组其他论文与研究谱系/99_其他论文与盘点	存量学习包_0917整理纳入	论文原文与拆解	/mnt/d/MyResearch/MAS_Safety_Project/research/papers_lu/teardown-joint-20260813/CHECKPOINT-20260815.md	2026-08-23 02:09:54.951688600 -0700	2895	667174ee4aa7ed12537d058a06269ad9eb8753b157b9be689cb3043d65eb7dd0	03_鲁组其他论文与研究谱系/99_其他论文与盘点/论文原文与拆解/teardown-joint-20260813/CHECKPOINT-20260815.md	current_source
03_鲁组其他论文与研究谱系/99_其他论文与盘点	存量学习包_0917整理纳入	论文原文与拆解	/mnt/d/MyResearch/MAS_Safety_Project/research/papers_lu/teardown-joint-20260813/99_USER_TODO_20260815.md	2026-08-23 02:09:54.937345000 -0700	2504	53b3407a648b722cff1fc11f8857054a7019e2ef9e49cb2f12471dcdfb78f887	03_鲁组其他论文与研究谱系/99_其他论文与盘点/论文原文与拆解/teardown-joint-20260813/99_USER_TODO_20260815.md	current_source
03_鲁组其他论文与研究谱系/06_MHP	存量学习包_0917整理纳入	论文原文与拆解	/mnt/d/MyResearch/MAS_Safety_Project/research/papers_lu/teardown-joint-20260813/08b_MHP_kg_critique.md	2026-08-23 02:09:54.927321200 -0700	34802	a3dfeab82165c69821383cdf1ad23da376551139290dc74677e164eee17d1ef6	03_鲁组其他论文与研究谱系/06_MHP/论文原文与拆解/teardown-joint-20260813/08b_MHP_kg_critique.md	current_source
03_鲁组其他论文与研究谱系/06_MHP	存量学习包_0917整理纳入	论文原文与拆解	/mnt/d/MyResearch/MAS_Safety_Project/research/papers_lu/teardown-joint-20260813/08_MHP.md	2026-08-23 02:09:54.591553600 -0700	50853	dda270db532b67dd1a5a5d48be0601085e79f9a602f1bd24edfc1c77f4cf2564	03_鲁组其他论文与研究谱系/06_MHP/论文原文与拆解/teardown-joint-20260813/08_MHP.md	current_source
03_鲁组其他论文与研究谱系/99_其他论文与盘点	存量学习包_0917整理纳入	论文原文与拆解	/mnt/d/MyResearch/MAS_Safety_Project/research/papers_lu/teardown-joint-20260813/07b_EDGEIM_kg_critique.md	2026-08-23 02:09:54.575861600 -0700	31813	55f835073b7b9dde7f8918e3b2e4600dfa3ee4b127dfcf04bec7d7664384b9e3	03_鲁组其他论文与研究谱系/99_其他论文与盘点/论文原文与拆解/teardown-joint-20260813/07b_EDGEIM_kg_critique.md	current_source
03_鲁组其他论文与研究谱系/99_其他论文与盘点	存量学习包_0917整理纳入	论文原文与拆解	/mnt/d/MyResearch/MAS_Safety_Project/research/papers_lu/teardown-joint-20260813/07_EDGEIM.md	2026-08-23 02:09:54.562331500 -0700	36556	91529492902b10c736aa3eb131e1e55ca30115b4efe8b0489479c58057085234	03_鲁组其他论文与研究谱系/99_其他论文与盘点/论文原文与拆解/teardown-joint-20260813/07_EDGEIM.md	current_source
03_鲁组其他论文与研究谱系/05_SBPN	存量学习包_0917整理纳入	论文原文与拆解	/mnt/d/MyResearch/MAS_Safety_Project/research/papers_lu/teardown-joint-20260813/06b_SBPN_kg_critique.md	2026-08-23 02:09:54.548562500 -0700	32707	0208d5bfda7b90ada267c585cf7d0aea55ac54ab606fe21338f4fc15df6671f9	03_鲁组其他论文与研究谱系/05_SBPN/论文原文与拆解/teardown-joint-20260813/06b_SBPN_kg_critique.md	current_source
03_鲁组其他论文与研究谱系/05_SBPN	存量学习包_0917整理纳入	论文原文与拆解	/mnt/d/MyResearch/MAS_Safety_Project/research/papers_lu/teardown-joint-20260813/06_SBPN.md	2026-08-23 02:09:54.535930600 -0700	61350	8edd3b6ad3f658701d3b84ae39f6591fa9669fb7bab845e38c37af5b47aa0c2c	03_鲁组其他论文与研究谱系/05_SBPN/论文原文与拆解/teardown-joint-20260813/06_SBPN.md	current_source
01_进组总计划_OE1_材料交付	进组相关存量材料	进组交付材料	/mnt/d/MyResearch/MAS_Safety_Project/research/map/proposals/render/out/onepager_draft_v1_zh.html	2026-08-23 02:09:54.168296500 -0700	6105	0135722ebe6b702f57f13a1a21bcc4dee932d47d6ab4746bace1d949495e4a08	01_进组总计划_OE1_材料交付/进组交付材料/render/out/onepager_draft_v1_zh.html	current_source
01_进组总计划_OE1_材料交付	进组相关存量材料	进组交付材料	/mnt/d/MyResearch/MAS_Safety_Project/research/map/proposals/render/out/onepager_draft_v1_en.html	2026-08-23 02:09:54.154786500 -0700	7129	353ce5bc77df209b2adab8aa7c6a77a64857a000a0886a90ea92a176c79b894c	01_进组总计划_OE1_材料交付/进组交付材料/render/out/onepager_draft_v1_en.html	current_source
01_进组总计划_OE1_材料交付	进组相关存量材料	进组交付材料	/mnt/d/MyResearch/MAS_Safety_Project/research/map/proposals/render/README.md	2026-08-23 02:09:54.104512600 -0700	3574	0c1c64749f7523021a60e80066f3363f18949a38caa6e9b611a1fb4c6c694238	01_进组总计划_OE1_材料交付/进组交付材料/render/README.md	current_source
01_进组总计划_OE1_材料交付	进组相关存量材料	进组交付材料	/mnt/d/MyResearch/MAS_Safety_Project/research/map/proposals/placeholder_sheet.md	2026-08-23 02:09:54.087453700 -0700	8251	4330e7b89af3651d0cc27cd3d198dd8aee5ae3f2d8b80ac3f194b9cbc3c8dcba	01_进组总计划_OE1_材料交付/进组交付材料/placeholder_sheet.md	current_source
01_进组总计划_OE1_材料交付	进组相关存量材料	进组交付材料	/mnt/d/MyResearch/MAS_Safety_Project/research/map/proposals/onepager_v2_voices_en.md	2026-08-23 02:09:54.071930500 -0700	17801	379627633abbb5ac521aaa314f9c76958d0d98ec45f83d6778f717a134bf676d	01_进组总计划_OE1_材料交付/进组交付材料/onepager_v2_voices_en.md	current_source
01_进组总计划_OE1_材料交付	进组相关存量材料	进组交付材料	/mnt/d/MyResearch/MAS_Safety_Project/research/map/proposals/onepager_v2_voices.md	2026-08-23 02:09:54.057262800 -0700	14448	04b0624b9b83a6fd9d99ab999bc004571341159fa739894814c3481f017f3b4d	01_进组总计划_OE1_材料交付/进组交付材料/onepager_v2_voices.md	current_source
01_进组总计划_OE1_材料交付	进组相关存量材料	进组交付材料	/mnt/d/MyResearch/MAS_Safety_Project/research/map/proposals/onepager_draft_v1.md	2026-08-23 02:09:54.041734300 -0700	11758	9279994606d7327367411aeacde9c0977ff257e38bedae980854727b6c9ed1b4	01_进组总计划_OE1_材料交付/进组交付材料/onepager_draft_v1.md	current_source
01_进组总计划_OE1_材料交付	进组相关存量材料	进组交付材料	/mnt/d/MyResearch/MAS_Safety_Project/research/map/proposals/diagram/pipeline_shield.mmd	2026-08-23 02:09:54.028704300 -0700	1448	38a1ef9de079c96b2c3812960fbd1bb3a851a1114b5f8a5b6d6655a236e3e348	01_进组总计划_OE1_材料交付/进组交付材料/diagram/pipeline_shield.mmd	current_source
01_进组总计划_OE1_材料交付	进组相关存量材料	进组交付材料	/mnt/d/MyResearch/MAS_Safety_Project/research/map/proposals/diagram/README.md	2026-08-23 02:09:54.014557000 -0700	6646	6928183374231893671595e54a09ea8bce656235536e184943c4a60b42b5d593	01_进组总计划_OE1_材料交付/进组交付材料/diagram/README.md	current_source
01_进组总计划_OE1_材料交付	进组相关存量材料	进组交付材料	/mnt/d/MyResearch/MAS_Safety_Project/research/map/proposals/TODO_20260814_user.md	2026-08-23 02:09:53.996438200 -0700	3051	f8cf3b7c1c6ace8a5a597af0f43d7610d91312ce863c8c4058431977bd81634d	01_进组总计划_OE1_材料交付/进组交付材料/TODO_20260814_user.md	current_source
01_进组总计划_OE1_材料交付	进组相关存量材料	进组交付材料	/mnt/d/MyResearch/MAS_Safety_Project/research/map/proposals/OE1_attachments/make_demo_assets.py	2026-08-23 02:09:53.937243600 -0700	5853	49dd6a1c9e66151468c80f57fbbd275e4e6cfe37e4d041fca62656b06f1a7d3d	01_进组总计划_OE1_材料交付/进组交付材料/OE1_attachments/make_demo_assets.py	current_source
01_进组总计划_OE1_材料交付	进组相关存量材料	进组交付材料	/mnt/d/MyResearch/MAS_Safety_Project/research/map/proposals/OE1_attachments/cases/task_variant_04_agent_failure_recovered.xes	2026-08-23 02:09:53.926173500 -0700	5435	6dadc7c3e7621ddb1f5c6496b12862cd2f5941a285928d92b37ec97bb2bbfd46	01_进组总计划_OE1_材料交付/进组交付材料/OE1_attachments/cases/task_variant_04_agent_failure_recovered.xes	current_source
01_进组总计划_OE1_材料交付	进组相关存量材料	进组交付材料	/mnt/d/MyResearch/MAS_Safety_Project/research/map/proposals/OE1_attachments/cases/task_variant_03_cancelled.xes	2026-08-23 02:09:53.913138700 -0700	3906	771ac0fb9a6d0e90fd2b7a091f914ceec0eab46dd0f2d88f898ea93eea7900b6	01_进组总计划_OE1_材料交付/进组交付材料/OE1_attachments/cases/task_variant_03_cancelled.xes	current_source
01_进组总计划_OE1_材料交付	进组相关存量材料	进组交付材料	/mnt/d/MyResearch/MAS_Safety_Project/research/map/proposals/OE1_attachments/cases/task_variant_02_retry_success.xes	2026-08-23 02:09:53.899794700 -0700	6114	6a5d1d02972c680c3fd3b8de35cc2dd3dc724833a16d50b82ce94f097e5fad16	01_进组总计划_OE1_材料交付/进组交付材料/OE1_attachments/cases/task_variant_02_retry_success.xes	current_source
01_进组总计划_OE1_材料交付	进组相关存量材料	进组交付材料	/mnt/d/MyResearch/MAS_Safety_Project/research/map/proposals/OE1_attachments/cases/task_variant_01_failed.xes	2026-08-23 02:09:53.888687000 -0700	2418	714234e6d0bbd60eb465edded0b38694bd4b616e0b3d36e3c734aa96b8c25444	01_进组总计划_OE1_材料交付/进组交付材料/OE1_attachments/cases/task_variant_01_failed.xes	current_source
01_进组总计划_OE1_材料交付	进组相关存量材料	进组交付材料	/mnt/d/MyResearch/MAS_Safety_Project/research/map/proposals/OE1_attachments/cases/task_real_harness.xes	2026-08-23 02:09:53.875167300 -0700	4101	1a951856b4d8e8b42e283addf71a86a77c55b9c4ac0a8421e3966bf36ef0a919	01_进组总计划_OE1_材料交付/进组交付材料/OE1_attachments/cases/task_real_harness.xes	current_source
01_进组总计划_OE1_材料交付	进组相关存量材料	进组交付材料	/mnt/d/MyResearch/MAS_Safety_Project/research/map/proposals/OE1_attachments/cases/demo_tasks.db	2026-08-23 02:09:53.861565900 -0700	151552	dffd1751c310bc1fd9ef9bd73e3650082535e38382ee1522108c093b719dffb6	01_进组总计划_OE1_材料交付/进组交付材料/OE1_attachments/cases/demo_tasks.db	current_source
01_进组总计划_OE1_材料交付	进组相关存量材料	进组交付材料	/mnt/d/MyResearch/MAS_Safety_Project/research/map/proposals/MAINTENANCE_external_materials.md	2026-08-23 02:09:53.784850600 -0700	8695	1245baf639b5d1a7ba41c59201081efbb016d2559c631997551f4c7e52a712d5	01_进组总计划_OE1_材料交付/进组交付材料/MAINTENANCE_external_materials.md	current_source
01_进组总计划_OE1_材料交付	进组相关存量材料	进组交付材料	/mnt/d/MyResearch/MAS_Safety_Project/research/map/proposals/INDEX.md	2026-08-23 02:09:53.769820400 -0700	6117	20aacf30b577872bc968e0f2910e04b65f75cf78b657b3c95c7861dc565a2761	01_进组总计划_OE1_材料交付/进组交付材料/INDEX.md	current_source
01_进组总计划_OE1_材料交付	进组相关存量材料	进组交付材料	/mnt/d/MyResearch/MAS_Safety_Project/research/map/proposals/GUIDE_external_materials.md	2026-08-23 02:09:53.754300800 -0700	5688	5a0686e960dfc31599ad37bb4a25e732ec99c674cced63f22a3ceab8039434fa	01_进组总计划_OE1_材料交付/进组交付材料/GUIDE_external_materials.md	current_source
07_专项训练与待学论文包/03_ra30_记忆与Petri网	存量学习包_0917整理纳入	学习包与本人作答	/mnt/d/MyResearch/MAS_Safety_Project/learning/training/ra30-memory-formal/USER_GUIDE.md	2026-08-23 02:09:41.355526400 -0700	5481	e4b5fd4c08093c977dd2be59c8ec9e8b49363a71798422119e9d727edeb6b40e	07_专项训练与待学论文包/03_ra30_记忆与Petri网/学习与课程/training/ra30-memory-formal/USER_GUIDE.md	current_source
07_专项训练与待学论文包/03_ra30_记忆与Petri网	存量学习包_0917整理纳入	学习包与本人作答	/mnt/d/MyResearch/MAS_Safety_Project/learning/training/ra30-memory-formal/KICKOFF.md	2026-08-23 02:09:41.335493400 -0700	3417	067ae625c2439281b288033f9243df5fcb37840eb701fba507cb31ac2a6b7f04	07_专项训练与待学论文包/03_ra30_记忆与Petri网/学习与课程/training/ra30-memory-formal/KICKOFF.md	current_source
07_专项训练与待学论文包/03_ra30_记忆与Petri网	存量学习包_0917整理纳入	学习包与本人作答	/mnt/d/MyResearch/MAS_Safety_Project/learning/training/ra30-memory-formal/BRIEF.md	2026-08-23 02:09:41.324445600 -0700	9464	761de1d314bd6915c7d0e7835c6230c5cbb6d0ba583e6ec5b8dec3a3b1480e0a	07_专项训练与待学论文包/03_ra30_记忆与Petri网/学习与课程/training/ra30-memory-formal/BRIEF.md	current_source
07_专项训练与待学论文包/02_ra28_MindBridge	存量学习包_0917整理纳入	学习包与本人作答	/mnt/d/MyResearch/MAS_Safety_Project/learning/training/ra28-mindbridge/EX-05/format_design.md	2026-08-23 02:09:41.303759600 -0700	6446	ab0ffc58a77e2444b7eb697986b0e3c6cce71c45a2c444d2e997d7211b9a3fa8	07_专项训练与待学论文包/02_ra28_MindBridge/学习与课程/training/ra28-mindbridge/EX-05/format_design.md	current_source
07_专项训练与待学论文包/10_EvoAgent_Phase1历史复习	存量学习包_0917整理纳入	学习包与本人作答	/mnt/d/MyResearch/MAS_Safety_Project/learning/case_studies/evoagent/tracks/PROCESS_RISK_PILOT.md	2026-08-23 02:09:40.938955200 -0700	12999	9343822ea47a87db85ffbee95fa71ba67dfff18d0922e5732bb3a95f090356c5	07_专项训练与待学论文包/10_EvoAgent_Phase1历史复习/学习与课程/case_studies/evoagent/tracks/PROCESS_RISK_PILOT.md	current_source
07_专项训练与待学论文包/10_EvoAgent_Phase1历史复习	存量学习包_0917整理纳入	学习包与本人作答	/mnt/d/MyResearch/MAS_Safety_Project/learning/case_studies/evoagent/SOURCES.md	2026-08-23 02:09:40.914558300 -0700	8674	1abe5bd17060867e75fbd181e7bdef320fe1c1759ecd31637d5568716cba1940	07_专项训练与待学论文包/10_EvoAgent_Phase1历史复习/学习与课程/case_studies/evoagent/SOURCES.md	current_source
07_专项训练与待学论文包/10_EvoAgent_Phase1历史复习	存量学习包_0917整理纳入	学习包与本人作答	/mnt/d/MyResearch/MAS_Safety_Project/learning/case_studies/evoagent/00_LEARNING_MAP.md	2026-08-23 02:09:40.900977800 -0700	12487	a37e50643a08ac4604d4f0a0c1dd352b5222dd05c7b9f6cbfb796cbcc757a12e	07_专项训练与待学论文包/10_EvoAgent_Phase1历史复习/学习与课程/case_studies/evoagent/00_LEARNING_MAP.md	current_source
07_专项训练与待学论文包/04_ProbGuard	存量学习包_0917整理纳入	学习包与本人作答	/mnt/d/MyResearch/MAS_Safety_Project/research/sun/phase1/papers/ASE2026_ProbGuard/MAINTENANCE_addendum_dtmc_prism.md	2026-08-23 02:09:35.412666100 -0700	5854	c3dce7964048a37890076489ef792dd56b3ca9da2dd5ccbd4974f33ce5efa14a	07_专项训练与待学论文包/04_ProbGuard/学习与课程/ASE2026_ProbGuard/MAINTENANCE_addendum_dtmc_prism.md	current_source
07_专项训练与待学论文包/04_ProbGuard	存量学习包_0917整理纳入	学习包与本人作答	/mnt/d/MyResearch/MAS_Safety_Project/research/sun/phase1/papers/ASE2026_ProbGuard/GUIDE_addendum_dtmc_prism.md	2026-08-23 02:09:35.400601300 -0700	4684	ec15fa511db7d0f51c708ea3e070cd67e20a433ec0a7509d6e767e338b6898cd	07_专项训练与待学论文包/04_ProbGuard/学习与课程/ASE2026_ProbGuard/GUIDE_addendum_dtmc_prism.md	current_source
07_专项训练与待学论文包/04_ProbGuard	存量学习包_0917整理纳入	学习包与本人作答	/mnt/d/MyResearch/MAS_Safety_Project/research/sun/phase1/papers/ASE2026_ProbGuard/ADDENDUM_DTMC_PRISM_FORMAT.md	2026-08-23 02:09:35.388979700 -0700	21132	65b2f16e561c929f40d42eadb02a64990f679e97d25caaab3e3d111e23833ac9	07_专项训练与待学论文包/04_ProbGuard/学习与课程/ASE2026_ProbGuard/ADDENDUM_DTMC_PRISM_FORMAT.md	current_source
07_专项训练与待学论文包/08_Anchor	存量学习包_0917整理纳入	其他相关产出	/mnt/d/MyResearch/casual/companion-survey/14_academic/teardowns/Anchor/03_PAPER_READ.md	2026-08-21T17:31:41+00:00	24678	1d19347a7d3487c8e03480bc9b049d61946cdd5bd0ad0dfa824bd10f997b0072	07_专项训练与待学论文包/08_Anchor/外层研究材料/casual/companion-survey/14_academic/teardowns/Anchor/03_PAPER_READ.md	2026-09-17_snapshot:/mnt/d/workspace/Desks/vaults/Research-Garden/learning/group-entry/sources/casual/companion-survey/14_academic/teardowns/Anchor/03_PAPER_READ.md
07_专项训练与待学论文包/07_INTIMA	存量学习包_0917整理纳入	其他相关产出	/mnt/d/MyResearch/casual/companion-survey/14_academic/teardowns/INTIMA/05_PREDICATES_v0.md	2026-08-21T17:21:57+00:00	22518	1c2f4113f96a202b5ac41af5e48e14a3736e247fc10d65a39fe1e4da382f989d	07_专项训练与待学论文包/07_INTIMA/外层研究材料/casual/companion-survey/14_academic/teardowns/INTIMA/05_PREDICATES_v0.md	2026-09-17_snapshot:/mnt/d/workspace/Desks/vaults/Research-Garden/learning/group-entry/sources/casual/companion-survey/14_academic/teardowns/INTIMA/05_PREDICATES_v0.md
07_专项训练与待学论文包/07_INTIMA	存量学习包_0917整理纳入	其他相关产出	/mnt/d/MyResearch/casual/companion-survey/14_academic/teardowns/INTIMA/README.md	2026-08-21T17:21:10+00:00	3754	90801964d883f837d3fc5a93f3320e9f30ed7950d616c58d97e6612c8efb5788	07_专项训练与待学论文包/07_INTIMA/外层研究材料/casual/companion-survey/14_academic/teardowns/INTIMA/README.md	2026-09-17_snapshot:/mnt/d/workspace/Desks/vaults/Research-Garden/learning/group-entry/sources/casual/companion-survey/14_academic/teardowns/INTIMA/README.md
07_专项训练与待学论文包/07_INTIMA	存量学习包_0917整理纳入	学习包与本人作答	/mnt/d/MyResearch/casual/companion-survey/14_academic/teardowns/INTIMA/teaching/mistakes.md	2026-08-21T17:20:22+00:00	8357	bf9a0c9cbb06628b21093c0fd87a9c58830d3c22373194d23de8e34f422045a2	07_专项训练与待学论文包/07_INTIMA/外层研究材料/casual/companion-survey/14_academic/teardowns/INTIMA/teaching/mistakes.md	2026-09-17_snapshot:/mnt/d/workspace/Desks/vaults/Research-Garden/learning/group-entry/sources/casual/companion-survey/14_academic/teardowns/INTIMA/teaching/mistakes.md
07_专项训练与待学论文包/07_INTIMA	存量学习包_0917整理纳入	学习包与本人作答	/mnt/d/MyResearch/casual/companion-survey/14_academic/teardowns/INTIMA/teaching/learner_workbook.md	2026-08-21T17:19:37+00:00	12390	bdb399cb7b2c41c1662d3a4ec97c8e6bafce0340dd8bd1e5f2e51e78be9de72e	07_专项训练与待学论文包/07_INTIMA/外层研究材料/casual/companion-survey/14_academic/teardowns/INTIMA/teaching/learner_workbook.md	2026-09-17_snapshot:/mnt/d/workspace/Desks/vaults/Research-Garden/learning/group-entry/sources/casual/companion-survey/14_academic/teardowns/INTIMA/teaching/learner_workbook.md
07_专项训练与待学论文包/07_INTIMA	存量学习包_0917整理纳入	其他相关产出	/mnt/d/MyResearch/casual/companion-survey/14_academic/teardowns/INTIMA/03_PAPER_READ.md	2026-08-21T17:10:37+00:00	21432	a923235f5c7a7764ea751b7594f59b14e2c8e48efd6aff4b49f09d7837b2ab10	07_专项训练与待学论文包/07_INTIMA/外层研究材料/casual/companion-survey/14_academic/teardowns/INTIMA/03_PAPER_READ.md	2026-09-17_snapshot:/mnt/d/workspace/Desks/vaults/Research-Garden/learning/group-entry/sources/casual/companion-survey/14_academic/teardowns/INTIMA/03_PAPER_READ.md
01_进组总计划_OE1_材料交付/99_其他相关计划与状态	存量学习包_0917整理纳入	交接与恢复	/mnt/d/MyResearch/MAS_Safety_Project/progress/handoff/2026-08-14__teaching-prefab-batch/README.md	2026-08-21 19:33:45.076005100 -0700	5716	bfc53b1bca7bde88cb1a8eeb574d4bc939cbf84c1e86ca03cb39b571c0532093	01_进组总计划_OE1_材料交付/99_其他相关计划与状态/交接与恢复/2026-08-14__teaching-prefab-batch/README.md	current_source
03_鲁组其他论文与研究谱系/01_SBTPN	存量学习包_0917整理纳入	论文原文与拆解	/mnt/d/MyResearch/MAS_Safety_Project/research/papers_lu/teardown-joint-20260813/01b_SBTPN_sixpoint_kg_critique.md	2026-08-21 12:57:06.331606000 -0700	53123	a224d9a319f16fbbcefb5a0a6ad768d15de3040ab10f0cecd06c975193134588	03_鲁组其他论文与研究谱系/01_SBTPN/论文原文与拆解/teardown-joint-20260813/01b_SBTPN_sixpoint_kg_critique.md	current_source
03_鲁组其他论文与研究谱系/99_其他论文与盘点	存量学习包_0917整理纳入	论文原文与拆解	/mnt/d/MyResearch/MAS_Safety_Project/research/papers_lu/teardown-joint-20260813/HANDOFF-20260816-finishing-wave.md	2026-08-21 12:38:17.666522800 -0700	27358	957704717ac319d64fd5646af10e1d8cdaf551a13265a2d1716148964abcf036	03_鲁组其他论文与研究谱系/99_其他论文与盘点/论文原文与拆解/teardown-joint-20260813/HANDOFF-20260816-finishing-wave.md	current_source
07_专项训练与待学论文包/04_ProbGuard	存量学习包_0917整理纳入	学习包与本人作答	/mnt/d/MyResearch/MAS_Safety_Project/research/sun/phase1/papers/ASE2026_ProbGuard/README.md	2026-08-21 10:49:20.009472500 -0700	7881	c038d690135f11c9c6c26e1efc247656cf8a385d079f0419dc5e2b7ae57f23c9	07_专项训练与待学论文包/04_ProbGuard/学习与课程/ASE2026_ProbGuard/README.md	current_source
07_专项训练与待学论文包/04_ProbGuard	存量学习包_0917整理纳入	学习包与本人作答	/mnt/d/MyResearch/MAS_Safety_Project/research/sun/phase1/papers/ASE2026_ProbGuard/01_QUESTIONS.md	2026-08-21 10:48:36.134698100 -0700	9059	fb5a1c542afe687b7c15610f6e6c5dd1dff2466d518e9dd52930ecd79a5180c7	07_专项训练与待学论文包/04_ProbGuard/学习与课程/ASE2026_ProbGuard/01_QUESTIONS.md	current_source
07_专项训练与待学论文包/04_ProbGuard	存量学习包_0917整理纳入	学习包与本人作答	/mnt/d/MyResearch/MAS_Safety_Project/research/sun/phase1/papers/ASE2026_ProbGuard/03_PAPER_READ.md	2026-08-21 10:47:47.211684000 -0700	25798	78d6f92de559b1a25d1e2a71121bc65f8404fbaf9dc4f29717f965bd3d65cc0a	07_专项训练与待学论文包/04_ProbGuard/学习与课程/ASE2026_ProbGuard/03_PAPER_READ.md	current_source
07_专项训练与待学论文包/04_ProbGuard	存量学习包_0917整理纳入	学习包与本人作答	/mnt/d/MyResearch/MAS_Safety_Project/research/sun/phase1/papers/ASE2026_ProbGuard/teaching/mistakes.md	2026-08-21 10:46:55.725505500 -0700	9271	15e1edc2be52b6da582ac5cb80bdc4fad1a44bf5fcd97eebac92259090e3a23e	07_专项训练与待学论文包/04_ProbGuard/学习与课程/ASE2026_ProbGuard/teaching/mistakes.md	current_source
07_专项训练与待学论文包/06_FoldA	存量学习包_0917整理纳入	学习包与本人作答	/mnt/d/MyResearch/MAS_Safety_Project/research/sun/phase1/papers/FoldA_partial_order_alignment/03_PAPER_READ.md	2026-08-21 10:43:58.055487600 -0700	21049	66c9c3a462bc81d81629468743bfaf9592f6b09d796fe8ba83388015be13211b	07_专项训练与待学论文包/06_FoldA/学习与课程/FoldA_partial_order_alignment/03_PAPER_READ.md	current_source
07_专项训练与待学论文包/06_FoldA	存量学习包_0917整理纳入	学习包与本人作答	/mnt/d/MyResearch/MAS_Safety_Project/research/sun/phase1/papers/FoldA_partial_order_alignment/README.md	2026-08-21 10:43:39.421645000 -0700	10088	fe60bf39c59af7278c8b637ce0cd3f43e92dbab91676d3c805b724de270d7cda	07_专项训练与待学论文包/06_FoldA/学习与课程/FoldA_partial_order_alignment/README.md	current_source
07_专项训练与待学论文包/06_FoldA	存量学习包_0917整理纳入	学习包与本人作答	/mnt/d/MyResearch/MAS_Safety_Project/research/sun/phase1/papers/FoldA_partial_order_alignment/teaching/learner_workbook.md	2026-08-21 10:41:48.875067100 -0700	12786	c6d7c25461e238f19e9b062a0772f32e5047664a956cd4628e68a582200b0fc2	07_专项训练与待学论文包/06_FoldA/学习与课程/FoldA_partial_order_alignment/teaching/learner_workbook.md	current_source
03_鲁组其他论文与研究谱系/99_其他论文与盘点	存量学习包_0917整理纳入	论文原文与拆解	/mnt/d/MyResearch/MAS_Safety_Project/research/papers_lu/teardown-joint-20260813/CHECKPOINT-20260815-window2.md	2026-08-21 10:30:17.251959900 -0700	11879	618a5bab52972a25279849443ba7a121c13426638919ab67bd60e5df7d1c7196	03_鲁组其他论文与研究谱系/99_其他论文与盘点/论文原文与拆解/teardown-joint-20260813/CHECKPOINT-20260815-window2.md	current_source
03_鲁组其他论文与研究谱系/99_其他论文与盘点	存量学习包_0917整理纳入	论文原文与拆解	/mnt/d/MyResearch/MAS_Safety_Project/research/papers_lu/teardown-joint-20260813/HANDOFF-20260815-newwindow.md	2026-08-21 10:29:53.466461800 -0700	8769	673ab71f8f10e868bf498fe7e479b5a1db390ee8ca321700095b8e5b46434388	03_鲁组其他论文与研究谱系/99_其他论文与盘点/论文原文与拆解/teardown-joint-20260813/HANDOFF-20260815-newwindow.md	current_source
07_专项训练与待学论文包/05_AgentSpec	存量学习包_0917整理纳入	学习包与本人作答	/mnt/d/MyResearch/MAS_Safety_Project/research/sun/phase1/papers/ICSE2026_AgentSpec/GLOSSARY.md	2026-08-21 10:29:34.581192000 -0700	5143	0f7bb292efcfdcc811f699bae1544e20b64780b5a4254f4875b61e38eb3f5612	07_专项训练与待学论文包/05_AgentSpec/学习与课程/ICSE2026_AgentSpec/GLOSSARY.md	current_source
07_专项训练与待学论文包/05_AgentSpec	存量学习包_0917整理纳入	学习包与本人作答	/mnt/d/MyResearch/MAS_Safety_Project/research/sun/phase1/papers/ICSE2026_AgentSpec/teaching/mistakes.md	2026-08-21 10:27:38.869836100 -0700	8229	5cf37f9ebb018c4d4ace795a24ebb8a4dddf34e0cd10b556b50b4629a8e0030b	07_专项训练与待学论文包/05_AgentSpec/学习与课程/ICSE2026_AgentSpec/teaching/mistakes.md	current_source
07_专项训练与待学论文包/05_AgentSpec	存量学习包_0917整理纳入	学习包与本人作答	/mnt/d/MyResearch/MAS_Safety_Project/research/sun/phase1/papers/ICSE2026_AgentSpec/01_QUESTIONS.md	2026-08-21 10:26:42.752972700 -0700	7167	92db0d3b38aa44edc5e78e439a89a64749f32f87ee0e6a55fef6b827d487f042	07_专项训练与待学论文包/05_AgentSpec/学习与课程/ICSE2026_AgentSpec/01_QUESTIONS.md	current_source
07_专项训练与待学论文包/05_AgentSpec	存量学习包_0917整理纳入	学习包与本人作答	/mnt/d/MyResearch/MAS_Safety_Project/research/sun/phase1/papers/ICSE2026_AgentSpec/03_PAPER_READ.md	2026-08-21 10:25:57.866771500 -0700	19022	d42a07491d6568b030628bcaed454a2cfa3bcb3729b199c8ada73260f08c8034	07_专项训练与待学论文包/05_AgentSpec/学习与课程/ICSE2026_AgentSpec/03_PAPER_READ.md	current_source
07_专项训练与待学论文包/05_AgentSpec	存量学习包_0917整理纳入	学习包与本人作答	/mnt/d/MyResearch/MAS_Safety_Project/research/sun/phase1/papers/ICSE2026_AgentSpec/04_DERIVATION.md	2026-08-21 10:25:15.491780400 -0700	12361	169679ca2c73a1c984401644bed8cbf330599f909f4319a3ed211282dc42039d	07_专项训练与待学论文包/05_AgentSpec/学习与课程/ICSE2026_AgentSpec/04_DERIVATION.md	current_source
03_鲁组其他论文与研究谱系/99_其他论文与盘点	存量学习包_0917整理纳入	论文原文与拆解	/mnt/d/MyResearch/MAS_Safety_Project/research/papers_lu/teardown-joint-20260813/03b_UAF_sixpoint_kg_critique.md	2026-08-15 08:32:11.050852600 -0700	42934	3701ba9802b6a68c28bb4cabc446700b06b5fe96427acb79ab18b8c7583dba0c	03_鲁组其他论文与研究谱系/99_其他论文与盘点/论文原文与拆解/teardown-joint-20260813/03b_UAF_sixpoint_kg_critique.md	current_source
03_鲁组其他论文与研究谱系/06_MHP	存量学习包_0917整理纳入	论文原文与拆解	/mnt/d/MyResearch/MAS_Safety_Project/research/papers_lu/MHP-Seg-2025-CCPE.pdf	2026-08-15 03:05:10.714727800 -0700	1630325	0bc69b835ee3467bc1732bdfd5f90041bbff83170b5a6a6f28266aae29217b75	03_鲁组其他论文与研究谱系/06_MHP/论文原文与拆解/MHP-Seg-2025-CCPE.pdf	current_source
03_鲁组其他论文与研究谱系/99_其他论文与盘点	存量学习包_0917整理纳入	论文原文与拆解	/mnt/d/MyResearch/MAS_Safety_Project/research/papers_lu/EdgeIM-2025-ICWS.pdf	2026-08-15 03:05:10.649232000 -0700	1757907	e9dd5280e87c77b039341868abc050ac49dd38f2813d764d79d910c26795e299	03_鲁组其他论文与研究谱系/99_其他论文与盘点/论文原文与拆解/EdgeIM-2025-ICWS.pdf	current_source
03_鲁组其他论文与研究谱系/05_SBPN	存量学习包_0917整理纳入	论文原文与拆解	/mnt/d/MyResearch/MAS_Safety_Project/research/papers_lu/SBPN-2024-InfSci.pdf	2026-08-15 03:05:10.587275000 -0700	5868375	14d8ed2bb54bc0e554c7d34f2922a0e8944d7d43a7fbd4916671ca806e4c8ecd	03_鲁组其他论文与研究谱系/05_SBPN/论文原文与拆解/SBPN-2024-InfSci.pdf	current_source
07_专项训练与待学论文包/08_Anchor	存量学习包_0917整理纳入	学习包与本人作答	/mnt/d/MyResearch/casual/companion-survey/14_academic/teardowns/Anchor/teaching/mistakes.md	2026-08-13T18:34:32+00:00	6994	1766156edff045045f670339ebffc39f4d1a960122e991ed2734b9c873695d1e	07_专项训练与待学论文包/08_Anchor/外层研究材料/casual/companion-survey/14_academic/teardowns/Anchor/teaching/mistakes.md	2026-09-17_snapshot:/mnt/d/workspace/Desks/vaults/Research-Garden/learning/group-entry/sources/casual/companion-survey/14_academic/teardowns/Anchor/teaching/mistakes.md
07_专项训练与待学论文包/08_Anchor	存量学习包_0917整理纳入	学习包与本人作答	/mnt/d/MyResearch/casual/companion-survey/14_academic/teardowns/Anchor/teaching/learner_workbook.md	2026-08-13T18:28:05+00:00	11174	ba9daad170053b259c041465e6158e64f4304e984c2750f089f6f261a80f6c47	07_专项训练与待学论文包/08_Anchor/外层研究材料/casual/companion-survey/14_academic/teardowns/Anchor/teaching/learner_workbook.md	2026-09-17_snapshot:/mnt/d/workspace/Desks/vaults/Research-Garden/learning/group-entry/sources/casual/companion-survey/14_academic/teardowns/Anchor/teaching/learner_workbook.md
07_专项训练与待学论文包/09_EmoAgent	存量学习包_0917整理纳入	其他相关产出	/mnt/d/MyResearch/casual/companion-survey/14_academic/teardowns/EmoAgent/README.md	2026-08-13T16:45:13+00:00	10273	21ed243daad1e81f26f29498f30bb57d1a3aff57294d186ae7552f5c4efbe7b0	07_专项训练与待学论文包/09_EmoAgent/外层研究材料/casual/companion-survey/14_academic/teardowns/EmoAgent/README.md	2026-09-17_snapshot:/mnt/d/workspace/Desks/vaults/Research-Garden/learning/group-entry/sources/casual/companion-survey/14_academic/teardowns/EmoAgent/README.md
07_专项训练与待学论文包/09_EmoAgent	存量学习包_0917整理纳入	其他相关产出	/mnt/d/MyResearch/casual/companion-survey/14_academic/teardowns/EmoAgent/05_REUSE_MAP.md	2026-08-13T15:45:05+00:00	16312	4ef685e497997f983c1dd2cf3977179e51baa6d76440e58b7276b4c6a0ea2dcf	07_专项训练与待学论文包/09_EmoAgent/外层研究材料/casual/companion-survey/14_academic/teardowns/EmoAgent/05_REUSE_MAP.md	2026-09-17_snapshot:/mnt/d/workspace/Desks/vaults/Research-Garden/learning/group-entry/sources/casual/companion-survey/14_academic/teardowns/EmoAgent/05_REUSE_MAP.md
07_专项训练与待学论文包/09_EmoAgent	存量学习包_0917整理纳入	其他相关产出	/mnt/d/MyResearch/casual/companion-survey/14_academic/teardowns/EmoAgent/03_PAPER_READ.md	2026-08-13T15:44:48+00:00	18782	aede2f399b2da492cd34df901ac365f8faca3d442e33c5c018c27d4aa34206a3	07_专项训练与待学论文包/09_EmoAgent/外层研究材料/casual/companion-survey/14_academic/teardowns/EmoAgent/03_PAPER_READ.md	2026-09-17_snapshot:/mnt/d/workspace/Desks/vaults/Research-Garden/learning/group-entry/sources/casual/companion-survey/14_academic/teardowns/EmoAgent/03_PAPER_READ.md
07_专项训练与待学论文包/09_EmoAgent	存量学习包_0917整理纳入	其他相关产出	/mnt/d/MyResearch/casual/companion-survey/14_academic/teardowns/EmoAgent/01_QUESTIONS.md	2026-08-13T15:44:34+00:00	6664	cf27abafcd6be34ff997622f49b31f7fb9a9678f172dfddc2796222e363bac58	07_专项训练与待学论文包/09_EmoAgent/外层研究材料/casual/companion-survey/14_academic/teardowns/EmoAgent/01_QUESTIONS.md	2026-09-17_snapshot:/mnt/d/workspace/Desks/vaults/Research-Garden/learning/group-entry/sources/casual/companion-survey/14_academic/teardowns/EmoAgent/01_QUESTIONS.md
07_专项训练与待学论文包/09_EmoAgent	存量学习包_0917整理纳入	其他相关产出	/mnt/d/MyResearch/casual/companion-survey/14_academic/teardowns/EmoAgent/09_ETHICS_LICENSE.md	2026-08-13T14:16:39+00:00	11654	16e9d9a9d202e6a69ae221ddc94a8c149541788a272a47860104768b25e7b285	07_专项训练与待学论文包/09_EmoAgent/外层研究材料/casual/companion-survey/14_academic/teardowns/EmoAgent/09_ETHICS_LICENSE.md	2026-09-17_snapshot:/mnt/d/workspace/Desks/vaults/Research-Garden/learning/group-entry/sources/casual/companion-survey/14_academic/teardowns/EmoAgent/09_ETHICS_LICENSE.md
07_专项训练与待学论文包/09_EmoAgent	存量学习包_0917整理纳入	学习包与本人作答	/mnt/d/MyResearch/casual/companion-survey/14_academic/teardowns/EmoAgent/teaching/learner_workbook.md	2026-08-13T14:16:33+00:00	6691	6c33b1d6bb897e5c5f491c63a30a6ed3d1daf8cebf0c32686ab9bb2f13aa7688	07_专项训练与待学论文包/09_EmoAgent/外层研究材料/casual/companion-survey/14_academic/teardowns/EmoAgent/teaching/learner_workbook.md	2026-09-17_snapshot:/mnt/d/workspace/Desks/vaults/Research-Garden/learning/group-entry/sources/casual/companion-survey/14_academic/teardowns/EmoAgent/teaching/learner_workbook.md
07_专项训练与待学论文包/09_EmoAgent	存量学习包_0917整理纳入	其他相关产出	/mnt/d/MyResearch/casual/companion-survey/14_academic/teardowns/EmoAgent/06_EVIDENCE_AUDIT.md	2026-08-13T14:15:37+00:00	8507	8d36878f26a1d1fc10fcf68d0b31c6d766f36ba2f1e7604df87f52f3ce893c97	07_专项训练与待学论文包/09_EmoAgent/外层研究材料/casual/companion-survey/14_academic/teardowns/EmoAgent/06_EVIDENCE_AUDIT.md	2026-09-17_snapshot:/mnt/d/workspace/Desks/vaults/Research-Garden/learning/group-entry/sources/casual/companion-survey/14_academic/teardowns/EmoAgent/06_EVIDENCE_AUDIT.md
07_专项训练与待学论文包/09_EmoAgent	存量学习包_0917整理纳入	学习包与本人作答	/mnt/d/MyResearch/casual/companion-survey/14_academic/teardowns/EmoAgent/teaching/mistakes.md	2026-08-13T14:12:14+00:00	5078	d92352951332b3d526ae6084bbefa6fe19afbd5c2c69e623395275bc20bad786	07_专项训练与待学论文包/09_EmoAgent/外层研究材料/casual/companion-survey/14_academic/teardowns/EmoAgent/teaching/mistakes.md	2026-09-17_snapshot:/mnt/d/workspace/Desks/vaults/Research-Garden/learning/group-entry/sources/casual/companion-survey/14_academic/teardowns/EmoAgent/teaching/mistakes.md
07_专项训练与待学论文包/09_EmoAgent	存量学习包_0917整理纳入	其他相关产出	/mnt/d/MyResearch/casual/companion-survey/14_academic/teardowns/EmoAgent/GLOSSARY.md	2026-08-13T14:11:26+00:00	5245	e9ba6e67fd37b4a88c763ffb902e3bb7e63cb4b024878f646ae2fab304c2cfcf	07_专项训练与待学论文包/09_EmoAgent/外层研究材料/casual/companion-survey/14_academic/teardowns/EmoAgent/GLOSSARY.md	2026-09-17_snapshot:/mnt/d/workspace/Desks/vaults/Research-Garden/learning/group-entry/sources/casual/companion-survey/14_academic/teardowns/EmoAgent/GLOSSARY.md
07_专项训练与待学论文包/08_Anchor	存量学习包_0917整理纳入	其他相关产出	/mnt/d/MyResearch/casual/companion-survey/14_academic/teardowns/Anchor/GLOSSARY.md	2026-08-13T13:15:52+00:00	8770	413a4bec3b7a03ed86ab55da274af31bdab5d8394a2f280e6ac7d9750af34202	07_专项训练与待学论文包/08_Anchor/外层研究材料/casual/companion-survey/14_academic/teardowns/Anchor/GLOSSARY.md	2026-09-17_snapshot:/mnt/d/workspace/Desks/vaults/Research-Garden/learning/group-entry/sources/casual/companion-survey/14_academic/teardowns/Anchor/GLOSSARY.md
07_专项训练与待学论文包/08_Anchor	存量学习包_0917整理纳入	其他相关产出	/mnt/d/MyResearch/casual/companion-survey/14_academic/teardowns/Anchor/05_PROBE_BANK_v0.md	2026-08-13T13:14:33+00:00	20564	daef8b389b5bab9b7f0d36b1600403b02e657289c799e832c6801a20c545ef39	07_专项训练与待学论文包/08_Anchor/外层研究材料/casual/companion-survey/14_academic/teardowns/Anchor/05_PROBE_BANK_v0.md	2026-09-17_snapshot:/mnt/d/workspace/Desks/vaults/Research-Garden/learning/group-entry/sources/casual/companion-survey/14_academic/teardowns/Anchor/05_PROBE_BANK_v0.md
07_专项训练与待学论文包/07_INTIMA	存量学习包_0917整理纳入	其他相关产出	/mnt/d/MyResearch/casual/companion-survey/14_academic/teardowns/INTIMA/GLOSSARY.md	2026-08-13T13:11:19+00:00	5549	7658e999921f7d6233b4cb51a3d7457771a13d6d1a06ca4fe3eaef3e0c704a97	07_专项训练与待学论文包/07_INTIMA/外层研究材料/casual/companion-survey/14_academic/teardowns/INTIMA/GLOSSARY.md	2026-09-17_snapshot:/mnt/d/workspace/Desks/vaults/Research-Garden/learning/group-entry/sources/casual/companion-survey/14_academic/teardowns/INTIMA/GLOSSARY.md
07_专项训练与待学论文包/08_Anchor	存量学习包_0917整理纳入	其他相关产出	/mnt/d/MyResearch/casual/companion-survey/14_academic/teardowns/Anchor/01_QUESTIONS.md	2026-08-13T13:08:12+00:00	8246	bbd5de72a5e7f034b41f0b6515611c768ddb161f9f7b9a9f8f891957b7882adb	07_专项训练与待学论文包/08_Anchor/外层研究材料/casual/companion-survey/14_academic/teardowns/Anchor/01_QUESTIONS.md	2026-09-17_snapshot:/mnt/d/workspace/Desks/vaults/Research-Garden/learning/group-entry/sources/casual/companion-survey/14_academic/teardowns/Anchor/01_QUESTIONS.md
07_专项训练与待学论文包/08_Anchor	存量学习包_0917整理纳入	其他相关产出	/mnt/d/MyResearch/casual/companion-survey/14_academic/teardowns/Anchor/README.md	2026-08-13T13:06:57+00:00	4518	5c5c47db398c5dc2853151095e84bcb56359a4d5c531dc4e71d70f0ced9076c4	07_专项训练与待学论文包/08_Anchor/外层研究材料/casual/companion-survey/14_academic/teardowns/Anchor/README.md	2026-09-17_snapshot:/mnt/d/workspace/Desks/vaults/Research-Garden/learning/group-entry/sources/casual/companion-survey/14_academic/teardowns/Anchor/README.md
07_专项训练与待学论文包/07_INTIMA	存量学习包_0917整理纳入	其他相关产出	/mnt/d/MyResearch/casual/companion-survey/14_academic/teardowns/INTIMA/01_QUESTIONS.md	2026-08-13T13:04:00+00:00	3530	8e3b24762d31d953ca532331a2c4b0e419bc9292edde70d9b28a4bdca677413f	07_专项训练与待学论文包/07_INTIMA/外层研究材料/casual/companion-survey/14_academic/teardowns/INTIMA/01_QUESTIONS.md	2026-09-17_snapshot:/mnt/d/workspace/Desks/vaults/Research-Garden/learning/group-entry/sources/casual/companion-survey/14_academic/teardowns/INTIMA/01_QUESTIONS.md
07_专项训练与待学论文包/09_EmoAgent/相关论文	存量学习包_0917整理纳入	其他相关产出	/mnt/d/MyResearch/casual/companion-survey/14_academic/papers-P0/2607.28818_best-friends-not-forever.pdf	2026-08-13T12:56:58+00:00	1301207	750df94387fcc6ca8067600cdfc30f1a586e63d833bc5609797346133d03d86d	07_专项训练与待学论文包/09_EmoAgent/相关论文/外层研究材料/casual/companion-survey/14_academic/papers-P0/2607.28818_best-friends-not-forever.pdf	2026-09-17_snapshot:/mnt/d/workspace/Desks/vaults/Research-Garden/learning/group-entry/sources/casual/companion-survey/14_academic/papers-P0/2607.28818_best-friends-not-forever.pdf
07_专项训练与待学论文包/03_ra30_记忆与Petri网	存量学习包_0917整理纳入	其他相关产出	/mnt/d/MyResearch/casual/companion-survey/01_memory/cross-window-design/cross-window-memory/README.md	2026-08-13T11:21:24+00:00	42269	00a1ec454c9cd60dda0fdf58a6b1ae063e703e71c1ff8beec7f49f6d8f6fceba	07_专项训练与待学论文包/03_ra30_记忆与Petri网/外层研究材料/casual/companion-survey/01_memory/cross-window-design/cross-window-memory/README.md	2026-09-17_snapshot:/mnt/d/workspace/Desks/vaults/Research-Garden/learning/group-entry/sources/casual/companion-survey/01_memory/cross-window-design/cross-window-memory/README.md
07_专项训练与待学论文包/03_ra30_记忆与Petri网	存量学习包_0917整理纳入	其他相关产出	/mnt/d/MyResearch/casual/companion-survey/01_memory/cross-window-design/cross-window-memory/跨窗口共享记忆架构（F5）.pdf	2026-08-13T11:21:24+00:00	2445827	4fb8b0c270e0eaf81407b08da8aa10540b27e2d02166828b63b64472bfbcc5c9	07_专项训练与待学论文包/03_ra30_记忆与Petri网/外层研究材料/casual/companion-survey/01_memory/cross-window-design/cross-window-memory/跨窗口共享记忆架构（F5）.pdf	2026-09-17_snapshot:/mnt/d/workspace/Desks/vaults/Research-Garden/learning/group-entry/sources/casual/companion-survey/01_memory/cross-window-design/cross-window-memory/跨窗口共享记忆架构（F5）.pdf
07_专项训练与待学论文包/03_ra30_记忆与Petri网	存量学习包_0917整理纳入	其他相关产出	/mnt/d/MyResearch/casual/companion-survey/01_memory/cross-window-design/cross-window-memory/记忆架构-1-分工全景（F5）.svg	2026-08-13T11:21:23+00:00	7836	9462c4547b410138a92798ed7f3478d086cfc30b0906f2d2c08c90238c57c168	07_专项训练与待学论文包/03_ra30_记忆与Petri网/外层研究材料/casual/companion-survey/01_memory/cross-window-design/cross-window-memory/记忆架构-1-分工全景（F5）.svg	2026-09-17_snapshot:/mnt/d/workspace/Desks/vaults/Research-Garden/learning/group-entry/sources/casual/companion-survey/01_memory/cross-window-design/cross-window-memory/记忆架构-1-分工全景（F5）.svg
07_专项训练与待学论文包/03_ra30_记忆与Petri网	存量学习包_0917整理纳入	其他相关产出	/mnt/d/MyResearch/casual/companion-survey/01_memory/cross-window-design/cross-window-memory/记忆架构-2-写入路径（F5）.svg	2026-08-13T11:21:23+00:00	4679	3789fb290ad86809e6649aac3fa1fae6c41458a9806d8a4ab3e3c31613a1f736	07_专项训练与待学论文包/03_ra30_记忆与Petri网/外层研究材料/casual/companion-survey/01_memory/cross-window-design/cross-window-memory/记忆架构-2-写入路径（F5）.svg	2026-09-17_snapshot:/mnt/d/workspace/Desks/vaults/Research-Garden/learning/group-entry/sources/casual/companion-survey/01_memory/cross-window-design/cross-window-memory/记忆架构-2-写入路径（F5）.svg
07_专项训练与待学论文包/03_ra30_记忆与Petri网	存量学习包_0917整理纳入	其他相关产出	/mnt/d/MyResearch/casual/companion-survey/01_memory/cross-window-design/cross-window-memory/记忆架构-3-读取与缓存（F5）.svg	2026-08-13T11:21:23+00:00	5714	9e63965f7009ef75ee00dce1cc377d2d7f77bfa41533a3e777107523091a22a0	07_专项训练与待学论文包/03_ra30_记忆与Petri网/外层研究材料/casual/companion-survey/01_memory/cross-window-design/cross-window-memory/记忆架构-3-读取与缓存（F5）.svg	2026-09-17_snapshot:/mnt/d/workspace/Desks/vaults/Research-Garden/learning/group-entry/sources/casual/companion-survey/01_memory/cross-window-design/cross-window-memory/记忆架构-3-读取与缓存（F5）.svg
01_进组总计划_OE1_材料交付/99_其他相关计划与状态	存量学习包_0917整理纳入	交接与恢复	/mnt/d/MyResearch/MAS_Safety_Project/progress/handoff/2026-08-14__teaching-prefab-batch/USER_GUIDE.md	2026-08-13 13:34:26.469016000 -0700	3557	0d783d605cd3e39436bda64a568554d9b9d6ec3479bce654c610c940439c84a9	01_进组总计划_OE1_材料交付/99_其他相关计划与状态/交接与恢复/2026-08-14__teaching-prefab-batch/USER_GUIDE.md	current_source
07_专项训练与待学论文包/06_FoldA	存量学习包_0917整理纳入	学习包与本人作答	/mnt/d/MyResearch/MAS_Safety_Project/research/sun/phase1/papers/FoldA_partial_order_alignment/teaching/mistakes.md	2026-08-13 11:38:16.614663400 -0700	7250	af549cf20b468f1470d6dc4bfe7f487b838b0c2298d1c6f5ab20cca156b71c38	07_专项训练与待学论文包/06_FoldA/学习与课程/FoldA_partial_order_alignment/teaching/mistakes.md	current_source
07_专项训练与待学论文包/05_AgentSpec	存量学习包_0917整理纳入	学习包与本人作答	/mnt/d/MyResearch/MAS_Safety_Project/research/sun/phase1/papers/ICSE2026_AgentSpec/teaching/learner_workbook.md	2026-08-13 11:28:24.416172300 -0700	10726	79b977718e3cdf70970fe54df01fc772c9ce1ccba77fbbf267f7487d4532f16e	07_专项训练与待学论文包/05_AgentSpec/学习与课程/ICSE2026_AgentSpec/teaching/learner_workbook.md	current_source
07_专项训练与待学论文包/04_ProbGuard	存量学习包_0917整理纳入	学习包与本人作答	/mnt/d/MyResearch/MAS_Safety_Project/research/sun/phase1/papers/ASE2026_ProbGuard/teaching/learner_workbook.md	2026-08-13 11:28:15.742502200 -0700	13874	f22b3b3276592aa3b25a1481aa3fdf96c435e745e406c51f868ad3266f422d85	07_专项训练与待学论文包/04_ProbGuard/学习与课程/ASE2026_ProbGuard/teaching/learner_workbook.md	current_source
01_进组总计划_OE1_材料交付	进组相关存量材料	进组交付材料	/mnt/d/MyResearch/MAS_Safety_Project/research/map/proposals/fill_placeholders.sh	2026-08-13 07:13:45.567240100 -0700	5008	e97ffc8713016ecc9780c59e0747c95c6c3f4da087c6047ed2f5870d98b107af	01_进组总计划_OE1_材料交付/进组交付材料/fill_placeholders.sh	current_source
01_进组总计划_OE1_材料交付	进组相关存量材料	进组交付材料	/mnt/d/MyResearch/MAS_Safety_Project/research/map/proposals/resume_onepage.md	2026-08-13 07:11:22.513932700 -0700	5876	1a69cb8061a85beefe0f91f3bbc54eec2a704e2cc5df3e31326981f614297994	01_进组总计划_OE1_材料交付/进组交付材料/resume_onepage.md	current_source
01_进组总计划_OE1_材料交付	进组相关存量材料	进组交付材料	/mnt/d/MyResearch/MAS_Safety_Project/research/map/proposals/final_review_20260813.md	2026-08-13 07:07:00.653619300 -0700	18213	3d606f8d4f178e1aec19db0a67f657c3580430aadfb2e93f61af8e7440a41910	01_进组总计划_OE1_材料交付/进组交付材料/final_review_20260813.md	current_source
01_进组总计划_OE1_材料交付	进组相关存量材料	进组交付材料	/mnt/d/MyResearch/MAS_Safety_Project/research/map/proposals/factcheck_onepager_20260813.md	2026-08-13 06:42:24.788061200 -0700	16820	334821b014a785b21b10ba8bedb13cefd60d84a7d06d367245579a15a88c7ee3	01_进组总计划_OE1_材料交付/进组交付材料/factcheck_onepager_20260813.md	current_source
01_进组总计划_OE1_材料交付	进组相关存量材料	进组交付材料	/mnt/d/MyResearch/MAS_Safety_Project/research/map/proposals/OE1_send_kit.md	2026-08-13 06:42:17.886256800 -0700	6393	731f19df331e9716e1a5cfaf8789a52d22fff38c872d91aca51762d194733869	01_进组总计划_OE1_材料交付/进组交付材料/OE1_send_kit.md	current_source
01_进组总计划_OE1_材料交付	进组相关存量材料	进组交付材料	/mnt/d/MyResearch/MAS_Safety_Project/research/map/proposals/T2_conformance_formal_guarantee.md	2026-08-13 06:41:56.475445900 -0700	10902	d03bf3ce24b6d08ea02ac539555ef39ac5257293cff71470a354d3e56c44ef89	01_进组总计划_OE1_材料交付/进组交付材料/T2_conformance_formal_guarantee.md	current_source
01_进组总计划_OE1_材料交付	进组相关存量材料	进组交付材料	/mnt/d/MyResearch/MAS_Safety_Project/research/map/proposals/T3_memory_integrity_valueflow.md	2026-08-13 06:38:49.624774500 -0700	9877	3473500f2e206b1be1ac931af94e93dbb36e840f5c81065027079d1fca1dbee7	01_进组总计划_OE1_材料交付/进组交付材料/T3_memory_integrity_valueflow.md	current_source
01_进组总计划_OE1_材料交付	进组相关存量材料	进组交付材料	/mnt/d/MyResearch/MAS_Safety_Project/research/map/proposals/diagram/pipeline_lu.mmd	2026-08-13 06:38:26.022825600 -0700	1387	ba65a0dbdc7e7b626344d924a02e420579900276766a745a78630053db2883fe	01_进组总计划_OE1_材料交付/进组交付材料/diagram/pipeline_lu.mmd	current_source
01_进组总计划_OE1_材料交付	进组相关存量材料	进组交付材料	/mnt/d/MyResearch/MAS_Safety_Project/research/map/proposals/render/render_onepager.sh	2026-08-13 06:36:41.961849900 -0700	5260	f12f6e345fcce72b1b9ffde9dac54afcaa1a955dc5cc6a3e970b4c33ee7a46d2	01_进组总计划_OE1_材料交付/进组交付材料/render/render_onepager.sh	current_source
01_进组总计划_OE1_材料交付	进组相关存量材料	进组交付材料	/mnt/d/MyResearch/MAS_Safety_Project/research/map/proposals/onepager_lu_variant.md	2026-08-13 06:35:54.622883100 -0700	10864	8110b939f6386bdc95b891819f18a05dc1b2eed63436a8f5fdb293a38724501b	01_进组总计划_OE1_材料交付/进组交付材料/onepager_lu_variant.md	current_source
01_进组总计划_OE1_材料交付	进组相关存量材料	进组交付材料	/mnt/d/MyResearch/MAS_Safety_Project/research/map/proposals/render/onepager.css	2026-08-13 06:34:27.220809100 -0700	2041	b53fb0157b449c7e2f2e436474f55c6b78ede5db07e4b50066397e363a295b2d	01_进组总计划_OE1_材料交付/进组交付材料/render/onepager.css	current_source
07_专项训练与待学论文包/06_FoldA	存量学习包_0917整理纳入	学习包与本人作答	/mnt/d/MyResearch/MAS_Safety_Project/research/sun/phase1/papers/FoldA_partial_order_alignment/GLOSSARY.md	2026-08-13 06:33:09.718486900 -0700	7850	d3c2a35b82771471ff275fc3ae575348a26133e72e4c79659791740287d9be0a	07_专项训练与待学论文包/06_FoldA/学习与课程/FoldA_partial_order_alignment/GLOSSARY.md	current_source
07_专项训练与待学论文包/06_FoldA	存量学习包_0917整理纳入	学习包与本人作答	/mnt/d/MyResearch/MAS_Safety_Project/research/sun/phase1/papers/FoldA_partial_order_alignment/04_DERIVATION.md	2026-08-13 06:31:44.445884100 -0700	25431	e4f774e7081c1628dd98c697ab844220ad835151670d81e26878445e9398000a	07_专项训练与待学论文包/06_FoldA/学习与课程/FoldA_partial_order_alignment/04_DERIVATION.md	current_source
07_专项训练与待学论文包/06_FoldA	存量学习包_0917整理纳入	学习包与本人作答	/mnt/d/MyResearch/MAS_Safety_Project/research/sun/phase1/papers/FoldA_partial_order_alignment/01_QUESTIONS.md	2026-08-13 06:22:20.809100000 -0700	9171	e39f26d7ef312a828969ae670f1d7d185746e6ecada34022829009617f781d54	07_专项训练与待学论文包/06_FoldA/学习与课程/FoldA_partial_order_alignment/01_QUESTIONS.md	current_source
07_专项训练与待学论文包/04_ProbGuard	存量学习包_0917整理纳入	学习包与本人作答	/mnt/d/MyResearch/MAS_Safety_Project/research/sun/phase1/papers/ASE2026_ProbGuard/GLOSSARY.md	2026-08-13 06:20:52.681194500 -0700	4543	e5e0c3351371a997df429f9fc00fdc92a43be30f4c2a9712c765c787ea6173cf	07_专项训练与待学论文包/04_ProbGuard/学习与课程/ASE2026_ProbGuard/GLOSSARY.md	current_source
07_专项训练与待学论文包/04_ProbGuard	存量学习包_0917整理纳入	学习包与本人作答	/mnt/d/MyResearch/MAS_Safety_Project/research/sun/phase1/papers/ASE2026_ProbGuard/04_DERIVATION.md	2026-08-13 06:19:46.645551000 -0700	18859	38064af1f4859d9eba0968584fd8001a685221b037f5dbbc136df7c91fa3becf	07_专项训练与待学论文包/04_ProbGuard/学习与课程/ASE2026_ProbGuard/04_DERIVATION.md	current_source
07_专项训练与待学论文包/05_AgentSpec	存量学习包_0917整理纳入	学习包与本人作答	/mnt/d/MyResearch/MAS_Safety_Project/research/sun/phase1/papers/ICSE2026_AgentSpec/02_SKELETON.md	2026-08-13 06:13:07.130897900 -0700	10243	e477c0370613201336b697cebb605f5e5683d95a3fe6f1f7cf0da9b11e895e2b	07_专项训练与待学论文包/05_AgentSpec/学习与课程/ICSE2026_AgentSpec/02_SKELETON.md	current_source
07_专项训练与待学论文包/05_AgentSpec	存量学习包_0917整理纳入	学习包与本人作答	/mnt/d/MyResearch/MAS_Safety_Project/research/sun/phase1/papers/ICSE2026_AgentSpec/README.md	2026-08-13 06:10:55.715624700 -0700	4892	d7883ff28bd2d593441b553ce8af33cf00b74e7df11c257820bc7acca66df1b0	07_专项训练与待学论文包/05_AgentSpec/学习与课程/ICSE2026_AgentSpec/README.md	current_source
07_专项训练与待学论文包/04_ProbGuard	存量学习包_0917整理纳入	学习包与本人作答	/mnt/d/MyResearch/MAS_Safety_Project/research/sun/phase1/papers/ASE2026_ProbGuard/02_SKELETON.md	2026-08-13 06:10:31.591630000 -0700	11204	829891815da9989095e6813587d64ecf48abd67d583ebb4ec000ad4a90d9ec06	07_专项训练与待学论文包/04_ProbGuard/学习与课程/ASE2026_ProbGuard/02_SKELETON.md	current_source
01_进组总计划_OE1_材料交付	进组相关存量材料	进组交付材料	/mnt/d/MyResearch/MAS_Safety_Project/research/map/proposals/COLLISION_AUDIT_V2_20260813.md	2026-08-13 05:41:03.336331700 -0700	9471	bdb01f413efa3bd0f2e759c2d8aada47daff5e0f47c4aa4b76e89d0e8c197fe4	01_进组总计划_OE1_材料交付/进组交付材料/COLLISION_AUDIT_V2_20260813.md	current_source
01_进组总计划_OE1_材料交付/99_其他相关计划与状态	进组相关存量材料	其他相关产出	/mnt/d/MyResearch/MAS_Safety_Project/progress/README.md	2026-08-13 00:20:21.432849400 -0700	6159	fe2fa862586d02abea25494801b147ecb6629d5048c2f826af1c625115d2717f	01_进组总计划_OE1_材料交付/99_其他相关计划与状态/其他/progress/README.md	current_source
03_鲁组其他论文与研究谱系/03_UAF_PN_VFG	存量学习包_0917整理纳入	其他相关产出	/mnt/d/MyResearch/UAF-PN-VFG-2025-IEEEAccess.pdf	2026-08-12T18:13:35+00:00	1527852	d76638121b9bd8592f387a5f73c7da110e787661d5faf7593d07c8cb99fe7d22	03_鲁组其他论文与研究谱系/03_UAF_PN_VFG/外层研究材料/UAF-PN-VFG-2025-IEEEAccess.pdf	2026-09-17_snapshot:/mnt/d/workspace/Desks/vaults/Research-Garden/learning/group-entry/sources/UAF-PN-VFG-2025-IEEEAccess.pdf
03_鲁组其他论文与研究谱系/01_SBTPN	存量学习包_0917整理纳入	其他相关产出	/mnt/d/MyResearch/SBTPN-2026-JAS-supplementary.pdf	2026-08-12T18:13:15+00:00	2823531	8ae287fd4dc50d6eb934707dadfa056f50b6bdebe522596bd3477fd2d669b2bb	03_鲁组其他论文与研究谱系/01_SBTPN/外层研究材料/SBTPN-2026-JAS-supplementary.pdf	2026-09-17_snapshot:/mnt/d/workspace/Desks/vaults/Research-Garden/learning/group-entry/sources/SBTPN-2026-JAS-supplementary.pdf
03_鲁组其他论文与研究谱系/01_SBTPN	存量学习包_0917整理纳入	其他相关产出	/mnt/d/MyResearch/SBTPN-2026-JAS.pdf	2026-08-12T18:13:13+00:00	4245409	eb41ddf3b8b805744a5600ce812020e019e951c60138c6e94dca1fccd9703cee	03_鲁组其他论文与研究谱系/01_SBTPN/外层研究材料/SBTPN-2026-JAS.pdf	2026-09-17_snapshot:/mnt/d/workspace/Desks/vaults/Research-Garden/learning/group-entry/sources/SBTPN-2026-JAS.pdf
03_鲁组其他论文与研究谱系/04_SEGLOCK_DeadlockSeg	存量学习包_0917整理纳入	其他相关产出	/mnt/d/MyResearch/DeadlockSeg-2026-TST.pdf	2026-08-12T18:12:25+00:00	2346619	14af973be7128ab207de8afae1fc6283a4e12d271214eed38bfcf9b3c23e7a32	03_鲁组其他论文与研究谱系/04_SEGLOCK_DeadlockSeg/外层研究材料/DeadlockSeg-2026-TST.pdf	2026-09-17_snapshot:/mnt/d/workspace/Desks/vaults/Research-Garden/learning/group-entry/sources/DeadlockSeg-2026-TST.pdf
03_鲁组其他论文与研究谱系/02_PNULOCK	存量学习包_0917整理纳入	其他相关产出	/mnt/d/MyResearch/Deadlock-2024-IEEEAccess.pdf	2026-08-12 11:13:26.424517200 -0700	2372808	a6cb64b424d61346448ee5ea567f551c931ca844758fe8081f2b4013251413ac	03_鲁组其他论文与研究谱系/02_PNULOCK/外层研究材料/Deadlock-2024-IEEEAccess.pdf	current_source
03_鲁组其他论文与研究谱系/01_SBTPN	存量学习包_0917整理纳入	论文原文与拆解	/mnt/d/MyResearch/MAS_Safety_Project/research/papers_lu/SBTPN-2026-JAS-supplementary.pdf	2026-08-12 06:19:55.013223900 -0700	2823531	8ae287fd4dc50d6eb934707dadfa056f50b6bdebe522596bd3477fd2d669b2bb	03_鲁组其他论文与研究谱系/01_SBTPN/论文原文与拆解/SBTPN-2026-JAS-supplementary.pdf	current_source
03_鲁组其他论文与研究谱系/01_SBTPN	存量学习包_0917整理纳入	论文原文与拆解	/mnt/d/MyResearch/MAS_Safety_Project/research/papers_lu/SBTPN-2026-JAS.pdf	2026-08-12 06:18:20.438281600 -0700	4245409	eb41ddf3b8b805744a5600ce812020e019e951c60138c6e94dca1fccd9703cee	03_鲁组其他论文与研究谱系/01_SBTPN/论文原文与拆解/SBTPN-2026-JAS.pdf	current_source
03_鲁组其他论文与研究谱系/03_UAF_PN_VFG	存量学习包_0917整理纳入	论文原文与拆解	/mnt/d/MyResearch/MAS_Safety_Project/research/papers_lu/UAF-PN-VFG-2025-IEEEAccess.pdf	2026-08-12 06:16:38.077287800 -0700	1527852	d76638121b9bd8592f387a5f73c7da110e787661d5faf7593d07c8cb99fe7d22	03_鲁组其他论文与研究谱系/03_UAF_PN_VFG/论文原文与拆解/UAF-PN-VFG-2025-IEEEAccess.pdf	current_source
03_鲁组其他论文与研究谱系/04_SEGLOCK_DeadlockSeg	存量学习包_0917整理纳入	论文原文与拆解	/mnt/d/MyResearch/MAS_Safety_Project/research/papers_lu/DeadlockSeg-2026-TST.pdf	2026-08-12 06:14:47.120444200 -0700	2346619	14af973be7128ab207de8afae1fc6283a4e12d271214eed38bfcf9b3c23e7a32	03_鲁组其他论文与研究谱系/04_SEGLOCK_DeadlockSeg/论文原文与拆解/DeadlockSeg-2026-TST.pdf	current_source
03_鲁组其他论文与研究谱系/02_PNULOCK	存量学习包_0917整理纳入	论文原文与拆解	/mnt/d/MyResearch/MAS_Safety_Project/research/papers_lu/Deadlock-2024-IEEEAccess.pdf	2026-08-12 06:14:22.886111900 -0700	2372808	a6cb64b424d61346448ee5ea567f551c931ca844758fe8081f2b4013251413ac	03_鲁组其他论文与研究谱系/02_PNULOCK/论文原文与拆解/Deadlock-2024-IEEEAccess.pdf	current_source
07_专项训练与待学论文包/01_ra26_EvoAgent	存量学习包_0917整理纳入	学习包与本人作答	/mnt/d/MyResearch/MAS_Safety_Project/learning/training/ra26-evoagent-toy/REVERSE_TRAINING.md	2026-08-12 06:08:15.844016600 -0700	2931	820615a29a03a684c84a809032b7b3bd91bdc531334d3b3bd8a8017044e3d420	07_专项训练与待学论文包/01_ra26_EvoAgent/学习与课程/training/ra26-evoagent-toy/REVERSE_TRAINING.md	current_source
07_专项训练与待学论文包/02_ra28_MindBridge	存量学习包_0917整理纳入	学习包与本人作答	/mnt/d/MyResearch/MAS_Safety_Project/learning/training/ra28-mindbridge/EX-05/logs/scenario-risk.jsonl	2026-08-12 06:06:26.299174100 -0700	28701	4dfb2b9b3ec212300c4354ae327449c498fb7b1ed856900e3c01a090b525a610	07_专项训练与待学论文包/02_ra28_MindBridge/学习与课程/training/ra28-mindbridge/EX-05/logs/scenario-risk.jsonl	current_source
07_专项训练与待学论文包/02_ra28_MindBridge	存量学习包_0917整理纳入	学习包与本人作答	/mnt/d/MyResearch/MAS_Safety_Project/learning/training/ra28-mindbridge/EX-05/logs/scenario-consult.jsonl	2026-08-12 06:06:26.294327600 -0700	29607	6cee4b626fa809837af405357999a51b2cfe9b98e3c870e654a0731d83600e04	07_专项训练与待学论文包/02_ra28_MindBridge/学习与课程/training/ra28-mindbridge/EX-05/logs/scenario-consult.jsonl	current_source
07_专项训练与待学论文包/02_ra28_MindBridge	存量学习包_0917整理纳入	学习包与本人作答	/mnt/d/MyResearch/MAS_Safety_Project/learning/training/ra28-mindbridge/EX-05/logs/scenario-chat.jsonl	2026-08-12 06:06:26.290656800 -0700	25326	5457dc2280de61c45139160ff3c7ad9f3a077107fd519557d00be5c36473903a	07_专项训练与待学论文包/02_ra28_MindBridge/学习与课程/training/ra28-mindbridge/EX-05/logs/scenario-chat.jsonl	current_source
01_进组总计划_OE1_材料交付	进组相关存量材料	进组交付材料	/mnt/d/MyResearch/MAS_Safety_Project/research/map/proposals/OE1_lu_email_v4.md	2026-08-12 06:03:44.909023300 -0700	6232	5a3674eaf572dc7074908a7e04e75da3d8fbcb6b1c7d2b12e4647b132b3ffe63	01_进组总计划_OE1_材料交付/进组交付材料/OE1_lu_email_v4.md	current_source
01_进组总计划_OE1_材料交付	进组相关存量材料	进组交付材料	/mnt/d/MyResearch/MAS_Safety_Project/research/map/proposals/T1_T4_propagation_containment.md	2026-08-12 06:01:32.630617600 -0700	7893	730d3fbc218a1478ac68c1d9289d3297f09caf516d966cc05be57512283b2ae3	01_进组总计划_OE1_材料交付/进组交付材料/T1_T4_propagation_containment.md	current_source
08_科研方法与长期成长材料/通用学习基础	存量学习包_0917整理纳入	学习包与本人作答	/mnt/d/MyResearch/MAS_Safety_Project/learning/training/LEDGER.md	2026-08-12 05:56:24.069667100 -0700	1132	eac75c03f28b8ded99c9be10153eadb2b94821221bdfe7240a307168587dcdc7	08_科研方法与长期成长材料/通用学习基础/学习与课程/training/LEDGER.md	current_source
07_专项训练与待学论文包/03_ra30_记忆与Petri网	存量学习包_0917整理纳入	学习包与本人作答	/mnt/d/MyResearch/MAS_Safety_Project/learning/training/ra30-memory-formal/PN_BASICS_通用教学材料.md	2026-08-12 05:54:46.940372100 -0700	4842	6eb0e3ad8f588da5a1aa056edd33493ee1114429e33dee5eb6cff89043b66db0	07_专项训练与待学论文包/03_ra30_记忆与Petri网/学习与课程/training/ra30-memory-formal/PN_BASICS_通用教学材料.md	current_source
03_鲁组其他论文与研究谱系/08_导师画像_谱系_团队	存量学习包_0917整理纳入	学习包与本人作答	/mnt/d/MyResearch/MAS_Safety_Project/learning/training/ra2716-survey/EX-01/EX-01_鲁法明画像v0.md	2026-08-12 05:51:16.444426500 -0700	1114	10ad620ba62ff145a1fe189cc1c0b31f13b7d22ce890fca8f57d71947942760e	03_鲁组其他论文与研究谱系/08_导师画像_谱系_团队/学习与课程/training/ra2716-survey/EX-01/EX-01_鲁法明画像v0.md	current_source
03_鲁组其他论文与研究谱系/08_导师画像_谱系_团队	存量学习包_0917整理纳入	学习包与本人作答	/mnt/d/MyResearch/MAS_Safety_Project/learning/training/ra2716-survey/KICKOFF.md	2026-08-12 04:54:02.522844600 -0700	2854	12fc13bf24ef188a782e71e2d1f836c2451544c286f0c036dc44c7f0b3284497	03_鲁组其他论文与研究谱系/08_导师画像_谱系_团队/学习与课程/training/ra2716-survey/KICKOFF.md	current_source
07_专项训练与待学论文包/01_ra26_EvoAgent	存量学习包_0917整理纳入	学习包与本人作答	/mnt/d/MyResearch/MAS_Safety_Project/learning/training/ra26-evoagent-toy/KICKOFF.md	2026-08-12 04:53:56.763333900 -0700	2421	fb4cd9bb60c36b671f0145b76f7706f1d05b51d3b9040425a30281ca059cbd99	07_专项训练与待学论文包/01_ra26_EvoAgent/学习与课程/training/ra26-evoagent-toy/KICKOFF.md	current_source
08_科研方法与长期成长材料/通用学习基础	存量学习包_0917整理纳入	学习包与本人作答	/mnt/d/MyResearch/MAS_Safety_Project/learning/training/00_SYSTEM.md	2026-08-12 04:50:24.242628000 -0700	8111	b556a26cadd8832cbcb5e7c517ec1069a7e088da9426207b14b79f06ae9b4d44	08_科研方法与长期成长材料/通用学习基础/学习与课程/training/00_SYSTEM.md	current_source
07_专项训练与待学论文包/01_ra26_EvoAgent	存量学习包_0917整理纳入	学习包与本人作答	/mnt/d/MyResearch/MAS_Safety_Project/learning/training/ra26-evoagent-toy/BRIEF.md	2026-08-12 04:34:53.635737100 -0700	8561	bb47ee74f191e889fb0c6311a3a2a9b3b9b60e916a0fe26e9b9f7a9eefbf24db	07_专项训练与待学论文包/01_ra26_EvoAgent/学习与课程/training/ra26-evoagent-toy/BRIEF.md	current_source
07_专项训练与待学论文包/10_EvoAgent_Phase1历史复习	存量学习包_0917整理纳入	学习包与本人作答	/mnt/d/MyResearch/MAS_Safety_Project/learning/case_studies/evoagent/LEARNING_LEDGER.md	2026-08-12 03:49:17.986292800 -0700	5277	1404a85edd2bf5fca327c7392d7ddd929751b5378301064860d53d6121899249	07_专项训练与待学论文包/10_EvoAgent_Phase1历史复习/学习与课程/case_studies/evoagent/LEARNING_LEDGER.md	current_source
07_专项训练与待学论文包/10_EvoAgent_Phase1历史复习	存量学习包_0917整理纳入	学习包与本人作答	/mnt/d/MyResearch/MAS_Safety_Project/learning/case_studies/evoagent/03_FAILURE_AND_EVIDENCE.md	2026-08-10 05:24:18.256023100 -0700	11703	553de83b08f703b6f3c48349e96e5d4c8ddef5c936446955f4cfde97228c0fcc	07_专项训练与待学论文包/10_EvoAgent_Phase1历史复习/学习与课程/case_studies/evoagent/03_FAILURE_AND_EVIDENCE.md	current_source
07_专项训练与待学论文包/10_EvoAgent_Phase1历史复习	存量学习包_0917整理纳入	学习包与本人作答	/mnt/d/MyResearch/MAS_Safety_Project/learning/case_studies/evoagent/02_PATTERN_CARDS.md	2026-08-10 05:21:45.200450800 -0700	15642	576a94ee6f20ba1e27112d06a666e2011f9a15d92552f64b172aed1a77affaaa	07_专项训练与待学论文包/10_EvoAgent_Phase1历史复习/学习与课程/case_studies/evoagent/02_PATTERN_CARDS.md	current_source
07_专项训练与待学论文包/10_EvoAgent_Phase1历史复习	存量学习包_0917整理纳入	学习包与本人作答	/mnt/d/MyResearch/MAS_Safety_Project/learning/case_studies/evoagent/01_VERTICAL_SLICE.md	2026-08-10 03:57:55.367349600 -0700	24083	ea697c88b2389168ca3b413dfb7d4fb298f2c9ed870a5fcb8bcc1f827d2a5e55	07_专项训练与待学论文包/10_EvoAgent_Phase1历史复习/学习与课程/case_studies/evoagent/01_VERTICAL_SLICE.md	current_source
08_科研方法与长期成长材料/通用学习基础	存量学习包_0917整理纳入	其他相关产出	/mnt/d/MyResearch/MAS_Safety_Project/learning/modules/07_training/0101_gap_to_idea.md	2026-07-25 04:15:56.684446100 -0700	2170	df7c4354650089ee06064711b62b44ec1470bf833412d030aec79eb813d2b5a2	08_科研方法与长期成长材料/通用学习基础/学习与课程/modules/07_training/0101_gap_to_idea.md	current_source
08_科研方法与长期成长材料/通用学习基础	存量学习包_0917整理纳入	其他相关产出	/mnt/d/MyResearch/MAS_Safety_Project/learning/modules/09_research_wiki/05_graph/or_concepts_map.md	2026-07-25 04:15:43.686718700 -0700	5853	ab54662d785ca5e0a02328a669bc4b7943a1128a1240cb1b126b09180fdc80ee	08_科研方法与长期成长材料/通用学习基础/学习与课程/modules/09_research_wiki/05_graph/or_concepts_map.md	current_source
04_Bridge与迁移研究	存量学习包_0917整理纳入	其他相关产出	/mnt/d/MyResearch/MAS_Safety_Project/learning/modules/09_research_wiki/05_graph/bridge_map.md	2026-07-25 04:15:43.661047300 -0700	9426	e21f1eb0783cafb8c90e685247f44adc6e260443e9acc54dda6fac07db1ff49b	04_Bridge与迁移研究/学习与课程/modules/09_research_wiki/05_graph/bridge_map.md	current_source
08_科研方法与长期成长材料/通用学习基础	存量学习包_0917整理纳入	其他相关产出	/mnt/d/MyResearch/MAS_Safety_Project/learning/modules/09_research_wiki/01_papers/paper02_loss_aversion.md	2026-07-25 04:15:43.631293400 -0700	5440	e8f4d12f40c5e472fa7d54380edf72875d8fdc6fbc00c159302ba28bee217c46	08_科研方法与长期成长材料/通用学习基础/学习与课程/modules/09_research_wiki/01_papers/paper02_loss_aversion.md	current_source
08_科研方法与长期成长材料/通用学习基础	存量学习包_0917整理纳入	其他相关产出	/mnt/d/MyResearch/MAS_Safety_Project/learning/modules/09_research_wiki/01_papers/paper01_bbp.md	2026-07-25 04:15:43.602731800 -0700	4554	7f3e6a4e5373eb60a071b37b0d083aea1ed841d13c4324357cfb3d964aa5a2a1	08_科研方法与长期成长材料/通用学习基础/学习与课程/modules/09_research_wiki/01_papers/paper01_bbp.md	current_source
08_科研方法与长期成长材料/通用学习基础	存量学习包_0917整理纳入	其他相关产出	/mnt/d/MyResearch/MAS_Safety_Project/learning/modules/05_scientific_writing/00_INDEX.md	2026-07-25 04:15:43.545777800 -0700	1021	1266f1627cdd6496d632d3cb4714b0b413a942f17d7fea7bfff20c6a7c3f7e23	08_科研方法与长期成长材料/通用学习基础/学习与课程/modules/05_scientific_writing/00_INDEX.md	current_source
08_科研方法与长期成长材料/通用学习基础	存量学习包_0917整理纳入	其他相关产出	/mnt/d/MyResearch/MAS_Safety_Project/learning/modules/03_game_theory/06_practice_tasks.md	2026-07-25 04:15:43.521776700 -0700	8458	37579fe766f458fb7347d8aa6b36ed466dbb2e8b25059b3067750eea9b31c1dd	08_科研方法与长期成长材料/通用学习基础/学习与课程/modules/03_game_theory/06_practice_tasks.md	current_source
08_科研方法与长期成长材料/通用学习基础	存量学习包_0917整理纳入	其他相关产出	/mnt/d/MyResearch/MAS_Safety_Project/learning/modules/03_game_theory/00_INDEX.md	2026-07-25 04:15:43.485705700 -0700	2019	1e70fdcf4cfcfe64f2dd0c865993b70e9d376e25db1863bf35df929338af5406	08_科研方法与长期成长材料/通用学习基础/学习与课程/modules/03_game_theory/00_INDEX.md	current_source
08_科研方法与长期成长材料/通用学习基础	存量学习包_0917整理纳入	其他相关产出	/mnt/d/MyResearch/MAS_Safety_Project/learning/modules/02_math_modeling/04_practice_tasks.md	2026-07-25 04:15:43.462489900 -0700	4909	7c54f1698fb81675b55a4a0b6f20c90252ff1039605675b22518450c7968721a	08_科研方法与长期成长材料/通用学习基础/学习与课程/modules/02_math_modeling/04_practice_tasks.md	current_source
08_科研方法与长期成长材料/通用学习基础	存量学习包_0917整理纳入	其他相关产出	/mnt/d/MyResearch/MAS_Safety_Project/learning/modules/02_math_modeling/00_INDEX.md	2026-07-25 04:15:43.437519400 -0700	1594	fc71184c7672444f214ba7177383ea78591f28cec57a4695bdae7988040f17ba	08_科研方法与长期成长材料/通用学习基础/学习与课程/modules/02_math_modeling/00_INDEX.md	current_source
08_科研方法与长期成长材料/通用学习基础	存量学习包_0917整理纳入	其他相关产出	/mnt/d/MyResearch/MAS_Safety_Project/learning/modules/01_critical_thinking/04_formula_verification_guide.md	2026-07-25 04:15:43.409411500 -0700	5953	ba082af6bf6de83d27bcd7f9d9ddb03703f36139e490bdfcfd6dae5ccfee2369	08_科研方法与长期成长材料/通用学习基础/学习与课程/modules/01_critical_thinking/04_formula_verification_guide.md	current_source
08_科研方法与长期成长材料/通用学习基础	存量学习包_0917整理纳入	其他相关产出	/mnt/d/MyResearch/MAS_Safety_Project/learning/modules/01_critical_thinking/03_paper_breakdown_guide.md	2026-07-25 04:15:43.384677400 -0700	6577	e1f1208a151c0280d8d814bafc89f06c3e19f1ab63de9096111a464ad083d49b	08_科研方法与长期成长材料/通用学习基础/学习与课程/modules/01_critical_thinking/03_paper_breakdown_guide.md	current_source
08_科研方法与长期成长材料/通用学习基础	存量学习包_0917整理纳入	其他相关产出	/mnt/d/MyResearch/MAS_Safety_Project/learning/modules/01_critical_thinking/00_INDEX.md	2026-07-25 04:15:43.355804700 -0700	979	8764991f844ccf1a41731fa4a0ae2a2195abd4c68dadb54f1f0ba2af7e3f2a02	08_科研方法与长期成长材料/通用学习基础/学习与课程/modules/01_critical_thinking/00_INDEX.md	current_source
08_科研方法与长期成长材料/通用学习基础	存量学习包_0917整理纳入	其他相关产出	/mnt/d/MyResearch/MAS_Safety_Project/learning/modules/01_critical_thinking/01_overview.md	2026-07-25 04:15:43.332674200 -0700	3567	2d75909a2e4d434e67d3db302e24ba13384bacdf1ec595fe34d3a1520206dd0f	08_科研方法与长期成长材料/通用学习基础/学习与课程/modules/01_critical_thinking/01_overview.md	current_source
08_科研方法与长期成长材料/通用学习基础	存量学习包_0917整理纳入	其他相关产出	/mnt/d/MyResearch/MAS_Safety_Project/learning/modules/03_game_theory/05_mas_application.md	2026-07-25 04:14:17.161087100 -0700	1200	a65a480cbf0f4b2fd4a4312bdbda741f55c1b86a078712162ab3a4c0cce010b6	08_科研方法与长期成长材料/通用学习基础/学习与课程/modules/03_game_theory/05_mas_application.md	current_source
08_科研方法与长期成长材料/通用学习基础	存量学习包_0917整理纳入	其他相关产出	/mnt/d/MyResearch/MAS_Safety_Project/learning/modules/03_game_theory/04_paper01_equilibrium.md	2026-07-25 04:14:15.047431500 -0700	863	f938e68084738f8695e24126699ef4c575238c5e82fcbcb48343eeb2cb65bb88	08_科研方法与长期成长材料/通用学习基础/学习与课程/modules/03_game_theory/04_paper01_equilibrium.md	current_source
08_科研方法与长期成长材料/通用学习基础	存量学习包_0917整理纳入	其他相关产出	/mnt/d/MyResearch/MAS_Safety_Project/learning/modules/03_game_theory/03_paper02_equilibrium.md	2026-07-25 04:14:13.794745500 -0700	822	8cc97adfcc0ffe667e60523544cb616eabb468224e87a05fa59adbcf7eea06c3	08_科研方法与长期成长材料/通用学习基础/学习与课程/modules/03_game_theory/03_paper02_equilibrium.md	current_source
08_科研方法与长期成长材料/通用学习基础	存量学习包_0917整理纳入	其他相关产出	/mnt/d/MyResearch/MAS_Safety_Project/learning/modules/02_math_modeling/03_examples/02_utility_function.md	2026-07-25 04:14:12.644306600 -0700	862	b50ada03ccf17a88c289639f7b6c7c38a126759ab9c99274bde203e3bd1e62d4	08_科研方法与长期成长材料/通用学习基础/学习与课程/modules/02_math_modeling/03_examples/02_utility_function.md	current_source
08_科研方法与长期成长材料/通用学习基础	存量学习包_0917整理纳入	其他相关产出	/mnt/d/MyResearch/MAS_Safety_Project/learning/modules/08_thought_extensions/README.md	2026-07-25 04:14:07.167210000 -0700	588	75db2d83922423d019d79e68a6d5d9132776a3a0852422a54d13cf3889792ac2	08_科研方法与长期成长材料/通用学习基础/学习与课程/modules/08_thought_extensions/README.md	current_source
08_科研方法与长期成长材料/通用学习基础	存量学习包_0917整理纳入	其他相关产出	/mnt/d/MyResearch/MAS_Safety_Project/learning/00_MASTER_INDEX.md	2026-05-10 06:39:21.935145500 -0700	9214	4ab465555dcf7b24e9c427ab992e96de9f99d2772472ec60b81bdc6cf28f5587	08_科研方法与长期成长材料/通用学习基础/学习与课程/00_MASTER_INDEX.md	current_source
08_科研方法与长期成长材料/通用学习基础	存量学习包_0917整理纳入	其他相关产出	/mnt/d/MyResearch/MAS_Safety_Project/learning/modules/04_literature_review/00_INDEX.md	2026-05-10 03:12:33.272693500 -0700	936	b9b53187d3503c1a4248ddec6a640796f16574bd5db77effa655d407769a3c0e	08_科研方法与长期成长材料/通用学习基础/学习与课程/modules/04_literature_review/00_INDEX.md	current_source
08_科研方法与长期成长材料/通用学习基础	存量学习包_0917整理纳入	其他相关产出	/mnt/d/MyResearch/MAS_Safety_Project/learning/modules/04_literature_review/01_overview.md	2026-05-10 03:12:33.262167900 -0700	2019	f2d2148a50fa48b9b70ed914eb6fb0cc9c22571241d6f2e7b79d888e8be93a99	08_科研方法与长期成长材料/通用学习基础/学习与课程/modules/04_literature_review/01_overview.md	current_source
08_科研方法与长期成长材料/通用学习基础	存量学习包_0917整理纳入	其他相关产出	/mnt/d/MyResearch/MAS_Safety_Project/learning/modules/02_math_modeling/05_reading_guide.md	2026-05-10 03:11:49.704499200 -0700	4043	b769151f7b83f1b9401d79ee2dfdba956a6e8278f6411df70764bf6f00940d68	08_科研方法与长期成长材料/通用学习基础/学习与课程/modules/02_math_modeling/05_reading_guide.md	current_source
08_科研方法与长期成长材料/通用学习基础	存量学习包_0917整理纳入	其他相关产出	/mnt/d/MyResearch/MAS_Safety_Project/learning/modules/09_research_wiki/00_INDEX.md	2026-05-10 03:11:21.629356800 -0700	3800	9778f264b512f33e6339a607b7e1209058c0e60bac60d98ea9c33b808b2e7128	08_科研方法与长期成长材料/通用学习基础/学习与课程/modules/09_research_wiki/00_INDEX.md	current_source
08_科研方法与长期成长材料/通用学习基础	存量学习包_0917整理纳入	其他相关产出	/mnt/d/MyResearch/MAS_Safety_Project/learning/modules/07_training/0201_daily_thinking_log.md	2026-05-10 03:11:08.521456500 -0700	3650	c111e69a0ccd2940845074dba23e2572cd0108b5c345d10037493e1bd3ee2404	08_科研方法与长期成长材料/通用学习基础/学习与课程/modules/07_training/0201_daily_thinking_log.md	current_source
08_科研方法与长期成长材料/通用学习基础	存量学习包_0917整理纳入	其他相关产出	/mnt/d/MyResearch/MAS_Safety_Project/learning/modules/06_research_methodology/08_supervisor_signals.md	2026-05-10 03:11:08.485932500 -0700	6524	70dcdfc454c47e49fb091150cab344aa4c9fb895027ea260d23211b2b1f2afdd	08_科研方法与长期成长材料/通用学习基础/学习与课程/modules/06_research_methodology/08_supervisor_signals.md	current_source
08_科研方法与长期成长材料/通用学习基础	存量学习包_0917整理纳入	其他相关产出	/mnt/d/MyResearch/MAS_Safety_Project/learning/ROADMAP.md	2026-05-10 03:07:45.355728600 -0700	6612	04d579ce33237ac3649c032d314efda7e7a702c37eab47de00fea978e761f066	08_科研方法与长期成长材料/通用学习基础/学习与课程/ROADMAP.md	current_source
08_科研方法与长期成长材料/通用学习基础	存量学习包_0917整理纳入	其他相关产出	/mnt/d/MyResearch/MAS_Safety_Project/learning/modules/05_scientific_writing/01_overview.md	2026-05-08 00:29:43.963637200 -0700	2042	7ab1650ede5240936a23797919140d216dd0f4b29c5cd7e0a3c6db1698858650	08_科研方法与长期成长材料/通用学习基础/学习与课程/modules/05_scientific_writing/01_overview.md	current_source
08_科研方法与长期成长材料/通用学习基础	存量学习包_0917整理纳入	其他相关产出	/mnt/d/MyResearch/MAS_Safety_Project/learning/modules/03_game_theory/02_equilibrium_concepts.md	2026-05-08 00:29:43.863460100 -0700	8491	7cf0b98c5a43dd54a86bd9938128271db03b98886aebc03eb204329722f37ba3	08_科研方法与长期成长材料/通用学习基础/学习与课程/modules/03_game_theory/02_equilibrium_concepts.md	current_source
08_科研方法与长期成长材料/通用学习基础	存量学习包_0917整理纳入	其他相关产出	/mnt/d/MyResearch/MAS_Safety_Project/learning/modules/03_game_theory/01_overview.md	2026-05-08 00:29:43.852745900 -0700	2702	541b97649cc1327260fd4f5f7d00e6bd8a2c6257a0344b0b12170ecb4c686e11	08_科研方法与长期成长材料/通用学习基础/学习与课程/modules/03_game_theory/01_overview.md	current_source
08_科研方法与长期成长材料/通用学习基础	存量学习包_0917整理纳入	其他相关产出	/mnt/d/MyResearch/MAS_Safety_Project/learning/modules/02_math_modeling/02_workflow.md	2026-05-08 00:29:43.815197300 -0700	6050	0913608354783bb5a51560c6a605ffbd749c77b6421d6630e275f7506941eaa3	08_科研方法与长期成长材料/通用学习基础/学习与课程/modules/02_math_modeling/02_workflow.md	current_source
08_科研方法与长期成长材料/通用学习基础	存量学习包_0917整理纳入	其他相关产出	/mnt/d/MyResearch/MAS_Safety_Project/learning/modules/02_math_modeling/01_overview.md	2026-05-08 00:29:43.790657100 -0700	3699	282b4564a4f6d1d566e3f040873782b3c133fe136b9809e65693a5a8b51fc964	08_科研方法与长期成长材料/通用学习基础/学习与课程/modules/02_math_modeling/01_overview.md	current_source
08_科研方法与长期成长材料/通用学习基础	存量学习包_0917整理纳入	其他相关产出	/mnt/d/MyResearch/MAS_Safety_Project/learning/modules/01_critical_thinking/02_audit_checklist.md	2026-05-08 00:29:43.725408100 -0700	6786	dcb23aeeb3182ae15003f8044da569efb3000445e1dd90327d7db007186917c2	08_科研方法与长期成长材料/通用学习基础/学习与课程/modules/01_critical_thinking/02_audit_checklist.md	current_source
08_科研方法与长期成长材料/通用学习基础	存量学习包_0917整理纳入	其他相关产出	/mnt/d/MyResearch/MAS_Safety_Project/learning/modules/06_research_methodology/09_practice_supervisor_reading.md	2026-05-08 00:29:43.629748700 -0700	4766	f41c95b7ea0a207f8dc45afa79446ab36bc567856370a87dc79acee3cc785076	08_科研方法与长期成长材料/通用学习基础/学习与课程/modules/06_research_methodology/09_practice_supervisor_reading.md	current_source
08_科研方法与长期成长材料/通用学习基础	存量学习包_0917整理纳入	其他相关产出	/mnt/d/MyResearch/MAS_Safety_Project/learning/modules/06_research_methodology/01_overview.md	2026-05-08 00:29:43.617551300 -0700	2409	c08806776cebef54d25947ec3330790ffcd3d9c33eb5285bd47da7f873cc7c4a	08_科研方法与长期成长材料/通用学习基础/学习与课程/modules/06_research_methodology/01_overview.md	current_source
08_科研方法与长期成长材料/通用学习基础	存量学习包_0917整理纳入	其他相关产出	/mnt/d/MyResearch/MAS_Safety_Project/learning/modules/06_research_methodology/00_INDEX.md	2026-05-08 00:29:43.599265300 -0700	1382	3665b4a00dd573acfa5adc31c3fa08c9a17c467880d9d9396dc7da8c5ed799ec	08_科研方法与长期成长材料/通用学习基础/学习与课程/modules/06_research_methodology/00_INDEX.md	current_source
08_科研方法与长期成长材料/通用学习基础	存量学习包_0917整理纳入	其他相关产出	/mnt/d/MyResearch/MAS_Safety_Project/learning/LEARNING_PATH.md	2026-05-08 00:29:43.297111900 -0700	5817	38933b04600e1e509f73624ad7a6e20c9ff7ff16210d6699ee8af6c010c8a9b8	08_科研方法与长期成长材料/通用学习基础/学习与课程/LEARNING_PATH.md	current_source
